-1.499968333333333348e+01,-4.699968333333332993e+01
-1.499936666666666696e+01,-4.699936666666666696e+01
-1.499905000000000044e+01,-4.699904999999999688e+01
-1.499873333333333392e+01,-4.699873333333333392e+01
-1.499841666666666740e+01,-4.699841666666666384e+01
-1.499810000000000088e+01,-4.699810000000000088e+01
-1.499778333333333258e+01,-4.699778333333333080e+01
-1.499746666666666606e+01,-4.699746666666666783e+01
-1.499714999999999954e+01,-4.699714999999999776e+01
-1.499683333333333302e+01,-4.699683333333333479e+01
-1.499651666666666650e+01,-4.699651666666666472e+01
-1.499619999999999997e+01,-4.699620000000000175e+01
-1.499588333333333345e+01,-4.699588333333333168e+01
-1.499556666666666693e+01,-4.699556666666666871e+01
-1.499525000000000041e+01,-4.699524999999999864e+01
-1.499493333333333389e+01,-4.699493333333333567e+01
-1.499461666666666737e+01,-4.699461666666666559e+01
-1.499430000000000085e+01,-4.699430000000000263e+01
-1.499398333333333255e+01,-4.699398333333333255e+01
-1.499366666666666603e+01,-4.699366666666666958e+01
-1.499334999999999951e+01,-4.699334999999999951e+01
-1.499303333333333299e+01,-4.699303333333333654e+01
-1.499271666666666647e+01,-4.699271666666666647e+01
-1.499239999999999995e+01,-4.699240000000000350e+01
-1.499208333333333343e+01,-4.699208333333333343e+01
-1.499176666666666691e+01,-4.699176666666666335e+01
-1.499145000000000039e+01,-4.699145000000000039e+01
-1.499113333333333387e+01,-4.699113333333333031e+01
-1.499081666666666734e+01,-4.699081666666666734e+01
-1.499050000000000082e+01,-4.699049999999999727e+01
-1.499018333333333253e+01,-4.699018333333333430e+01
-1.498986666666666601e+01,-4.698986666666666423e+01
-1.498954999999999949e+01,-4.698955000000000126e+01
-1.498923333333333296e+01,-4.698923333333333119e+01
-1.498891666666666644e+01,-4.698891666666666822e+01
-1.498859999999999992e+01,-4.698859999999999815e+01
-1.498828333333333340e+01,-4.698828333333333518e+01
-1.498796666666666688e+01,-4.698796666666666511e+01
-1.498765000000000036e+01,-4.698765000000000214e+01
-1.498733333333333384e+01,-4.698733333333333206e+01
-1.498701666666666732e+01,-4.698701666666666910e+01
-1.498670000000000080e+01,-4.698669999999999902e+01
-1.498638333333333250e+01,-4.698638333333333605e+01
-1.498606666666666598e+01,-4.698606666666666598e+01
-1.498574999999999946e+01,-4.698575000000000301e+01
-1.498543333333333294e+01,-4.698543333333333294e+01
-1.498511666666666642e+01,-4.698511666666666997e+01
-1.498479999999999990e+01,-4.698479999999999990e+01
-1.498448333333333338e+01,-4.698448333333333693e+01
-1.498416666666666686e+01,-4.698416666666666686e+01
-1.498385000000000034e+01,-4.698384999999999678e+01
-1.498353333333333381e+01,-4.698353333333333381e+01
-1.498321666666666729e+01,-4.698321666666666374e+01
-1.498290000000000077e+01,-4.698290000000000077e+01
-1.498258333333333425e+01,-4.698258333333333070e+01
-1.498226666666666596e+01,-4.698226666666666773e+01
-1.498194999999999943e+01,-4.698194999999999766e+01
-1.498163333333333291e+01,-4.698163333333333469e+01
-1.498131666666666639e+01,-4.698131666666666462e+01
-1.498099999999999987e+01,-4.698100000000000165e+01
-1.498068333333333335e+01,-4.698068333333333157e+01
-1.498036666666666683e+01,-4.698036666666666861e+01
-1.498005000000000031e+01,-4.698004999999999853e+01
-1.497973333333333379e+01,-4.697973333333333557e+01
-1.497941666666666727e+01,-4.697941666666666549e+01
-1.497910000000000075e+01,-4.697910000000000252e+01
-1.497878333333333423e+01,-4.697878333333333245e+01
-1.497846666666666593e+01,-4.697846666666666948e+01
-1.497814999999999941e+01,-4.697814999999999941e+01
-1.497783333333333289e+01,-4.697783333333333644e+01
-1.497751666666666637e+01,-4.697751666666666637e+01
-1.497719999999999985e+01,-4.697720000000000340e+01
-1.497688333333333333e+01,-4.697688333333333333e+01
-1.497656666666666680e+01,-4.697656666666667036e+01
-1.497625000000000028e+01,-4.697625000000000028e+01
-1.497593333333333376e+01,-4.697593333333333021e+01
-1.497561666666666724e+01,-4.697561666666666724e+01
-1.497530000000000072e+01,-4.697529999999999717e+01
-1.497498333333333420e+01,-4.697498333333333420e+01
-1.497466666666666590e+01,-4.697466666666666413e+01
-1.497434999999999938e+01,-4.697435000000000116e+01
-1.497403333333333286e+01,-4.697403333333333109e+01
-1.497371666666666634e+01,-4.697371666666666812e+01
-1.497339999999999982e+01,-4.697339999999999804e+01
-1.497308333333333330e+01,-4.697308333333333508e+01
-1.497276666666666678e+01,-4.697276666666666500e+01
-1.497245000000000026e+01,-4.697245000000000203e+01
-1.497213333333333374e+01,-4.697213333333333196e+01
-1.497181666666666722e+01,-4.697181666666666899e+01
-1.497150000000000070e+01,-4.697149999999999892e+01
-1.497118333333333418e+01,-4.697118333333333595e+01
-1.497086666666666588e+01,-4.697086666666666588e+01
-1.497054999999999936e+01,-4.697055000000000291e+01
-1.497023333333333284e+01,-4.697023333333333284e+01
-1.496991666666666632e+01,-4.696991666666666987e+01
-1.496959999999999980e+01,-4.696959999999999980e+01
-1.496928333333333327e+01,-4.696928333333333683e+01
-1.496896666666666675e+01,-4.696896666666666675e+01
-1.496865000000000023e+01,-4.696865000000000379e+01
-1.496833333333333371e+01,-4.696833333333333371e+01
-1.496801666666666719e+01,-4.696801666666666364e+01
-1.496770000000000067e+01,-4.696770000000000067e+01
-1.496738333333333415e+01,-4.696738333333333060e+01
-1.496706666666666763e+01,-4.696706666666666763e+01
-1.496674999999999933e+01,-4.696674999999999756e+01
-1.496643333333333281e+01,-4.696643333333333459e+01
-1.496611666666666629e+01,-4.696611666666666451e+01
-1.496579999999999977e+01,-4.696580000000000155e+01
-1.496548333333333325e+01,-4.696548333333333147e+01
-1.496516666666666673e+01,-4.696516666666666850e+01
-1.496485000000000021e+01,-4.696484999999999843e+01
-1.496453333333333369e+01,-4.696453333333333546e+01
-1.496421666666666717e+01,-4.696421666666666539e+01
-1.496390000000000065e+01,-4.696390000000000242e+01
-1.496358333333333412e+01,-4.696358333333333235e+01
-1.496326666666666760e+01,-4.696326666666666938e+01
-1.496294999999999931e+01,-4.696294999999999931e+01
-1.496263333333333279e+01,-4.696263333333333634e+01
-1.496231666666666626e+01,-4.696231666666666626e+01
-1.496199999999999974e+01,-4.696200000000000330e+01
-1.496168333333333322e+01,-4.696168333333333322e+01
-1.496136666666666670e+01,-4.696136666666667026e+01
-1.496105000000000018e+01,-4.696105000000000018e+01
-1.496073333333333366e+01,-4.696073333333333721e+01
-1.496041666666666714e+01,-4.696041666666666714e+01
-1.496010000000000062e+01,-4.696009999999999707e+01
-1.495978333333333410e+01,-4.695978333333333410e+01
-1.495946666666666758e+01,-4.695946666666666403e+01
-1.495914999999999928e+01,-4.695915000000000106e+01
-1.495883333333333276e+01,-4.695883333333333098e+01
-1.495851666666666624e+01,-4.695851666666666802e+01
-1.495819999999999972e+01,-4.695819999999999794e+01
-1.495788333333333320e+01,-4.695788333333333497e+01
-1.495756666666666668e+01,-4.695756666666666490e+01
-1.495725000000000016e+01,-4.695725000000000193e+01
-1.495693333333333364e+01,-4.695693333333333186e+01
-1.495661666666666711e+01,-4.695661666666666889e+01
-1.495630000000000059e+01,-4.695629999999999882e+01
-1.495598333333333407e+01,-4.695598333333333585e+01
-1.495566666666666755e+01,-4.695566666666666578e+01
-1.495534999999999926e+01,-4.695535000000000281e+01
-1.495503333333333273e+01,-4.695503333333333273e+01
-1.495471666666666621e+01,-4.695471666666666977e+01
-1.495439999999999969e+01,-4.695439999999999969e+01
-1.495408333333333317e+01,-4.695408333333333672e+01
-1.495376666666666665e+01,-4.695376666666666665e+01
-1.495345000000000013e+01,-4.695345000000000368e+01
-1.495313333333333361e+01,-4.695313333333333361e+01
-1.495281666666666709e+01,-4.695281666666667064e+01
-1.495250000000000057e+01,-4.695250000000000057e+01
-1.495218333333333405e+01,-4.695218333333333049e+01
-1.495186666666666753e+01,-4.695186666666666753e+01
-1.495155000000000101e+01,-4.695154999999999745e+01
-1.495123333333333271e+01,-4.695123333333333449e+01
-1.495091666666666619e+01,-4.695091666666666441e+01
-1.495059999999999967e+01,-4.695060000000000144e+01
-1.495028333333333315e+01,-4.695028333333333137e+01
-1.494996666666666663e+01,-4.694996666666666840e+01
-1.494965000000000011e+01,-4.694964999999999833e+01
-1.494933333333333358e+01,-4.694933333333333536e+01
-1.494901666666666706e+01,-4.694901666666666529e+01
-1.494870000000000054e+01,-4.694870000000000232e+01
-1.494838333333333402e+01,-4.694838333333333225e+01
-1.494806666666666750e+01,-4.694806666666666928e+01
-1.494775000000000098e+01,-4.694774999999999920e+01
-1.494743333333333268e+01,-4.694743333333333624e+01
-1.494711666666666616e+01,-4.694711666666666616e+01
-1.494679999999999964e+01,-4.694680000000000319e+01
-1.494648333333333312e+01,-4.694648333333333312e+01
-1.494616666666666660e+01,-4.694616666666667015e+01
-1.494585000000000008e+01,-4.694585000000000008e+01
-1.494553333333333356e+01,-4.694553333333333711e+01
-1.494521666666666704e+01,-4.694521666666666704e+01
-1.494490000000000052e+01,-4.694490000000000407e+01
-1.494458333333333400e+01,-4.694458333333333400e+01
-1.494426666666666748e+01,-4.694426666666666392e+01
-1.494395000000000095e+01,-4.694395000000000095e+01
-1.494363333333333266e+01,-4.694363333333333088e+01
-1.494331666666666614e+01,-4.694331666666666791e+01
-1.494299999999999962e+01,-4.694299999999999784e+01
-1.494268333333333310e+01,-4.694268333333333487e+01
-1.494236666666666657e+01,-4.694236666666666480e+01
-1.494205000000000005e+01,-4.694205000000000183e+01
-1.494173333333333353e+01,-4.694173333333333176e+01
-1.494141666666666701e+01,-4.694141666666666879e+01
-1.494110000000000049e+01,-4.694109999999999872e+01
-1.494078333333333397e+01,-4.694078333333333575e+01
-1.494046666666666745e+01,-4.694046666666666567e+01
-1.494015000000000093e+01,-4.694015000000000271e+01
-1.493983333333333263e+01,-4.693983333333333263e+01
-1.493951666666666611e+01,-4.693951666666666966e+01
-1.493919999999999959e+01,-4.693919999999999959e+01
-1.493888333333333307e+01,-4.693888333333333662e+01
-1.493856666666666655e+01,-4.693856666666666655e+01
-1.493825000000000003e+01,-4.693825000000000358e+01
-1.493793333333333351e+01,-4.693793333333333351e+01
-1.493761666666666699e+01,-4.693761666666667054e+01
-1.493730000000000047e+01,-4.693730000000000047e+01
-1.493698333333333395e+01,-4.693698333333333750e+01
-1.493666666666666742e+01,-4.693666666666666742e+01
-1.493635000000000090e+01,-4.693634999999999735e+01
-1.493603333333333438e+01,-4.693603333333333438e+01
-1.493571666666666609e+01,-4.693571666666666431e+01
-1.493539999999999957e+01,-4.693540000000000134e+01
-1.493508333333333304e+01,-4.693508333333333127e+01
-1.493476666666666652e+01,-4.693476666666666830e+01
-1.493445000000000000e+01,-4.693444999999999823e+01
-1.493413333333333348e+01,-4.693413333333333526e+01
-1.493381666666666696e+01,-4.693381666666666518e+01
-1.493350000000000044e+01,-4.693350000000000222e+01
-1.493318333333333392e+01,-4.693318333333333214e+01
-1.493286666666666740e+01,-4.693286666666666918e+01
-1.493255000000000088e+01,-4.693254999999999910e+01
-1.493223333333333436e+01,-4.693223333333333613e+01
-1.493191666666666606e+01,-4.693191666666666606e+01
-1.493159999999999954e+01,-4.693160000000000309e+01
-1.493128333333333302e+01,-4.693128333333333302e+01
-1.493096666666666650e+01,-4.693096666666667005e+01
-1.493064999999999998e+01,-4.693064999999999998e+01
-1.493033333333333346e+01,-4.693033333333333701e+01
-1.493001666666666694e+01,-4.693001666666666694e+01
-1.492970000000000041e+01,-4.692970000000000397e+01
-1.492938333333333389e+01,-4.692938333333333389e+01
-1.492906666666666737e+01,-4.692906666666667093e+01
-1.492875000000000085e+01,-4.692875000000000085e+01
-1.492843333333333433e+01,-4.692843333333333078e+01
-1.492811666666666603e+01,-4.692811666666666781e+01
-1.492779999999999951e+01,-4.692779999999999774e+01
-1.492748333333333299e+01,-4.692748333333333477e+01
-1.492716666666666647e+01,-4.692716666666666470e+01
-1.492684999999999995e+01,-4.692685000000000173e+01
-1.492653333333333343e+01,-4.692653333333333165e+01
-1.492621666666666691e+01,-4.692621666666666869e+01
-1.492590000000000039e+01,-4.692589999999999861e+01
-1.492558333333333387e+01,-4.692558333333333564e+01
-1.492526666666666735e+01,-4.692526666666666557e+01
-1.492495000000000083e+01,-4.692495000000000260e+01
-1.492463333333333431e+01,-4.692463333333333253e+01
-1.492431666666666601e+01,-4.692431666666666956e+01
-1.492399999999999949e+01,-4.692399999999999949e+01
-1.492368333333333297e+01,-4.692368333333333652e+01
-1.492336666666666645e+01,-4.692336666666666645e+01
-1.492304999999999993e+01,-4.692305000000000348e+01
-1.492273333333333341e+01,-4.692273333333333341e+01
-1.492241666666666688e+01,-4.692241666666667044e+01
-1.492210000000000036e+01,-4.692210000000000036e+01
-1.492178333333333384e+01,-4.692178333333333740e+01
-1.492146666666666732e+01,-4.692146666666666732e+01
-1.492115000000000080e+01,-4.692115000000000435e+01
-1.492083333333333428e+01,-4.692083333333333428e+01
-1.492051666666666776e+01,-4.692051666666666421e+01
-1.492019999999999946e+01,-4.692020000000000124e+01
-1.491988333333333294e+01,-4.691988333333333117e+01
-1.491956666666666642e+01,-4.691956666666666820e+01
-1.491924999999999990e+01,-4.691924999999999812e+01
-1.491893333333333338e+01,-4.691893333333333516e+01
-1.491861666666666686e+01,-4.691861666666666508e+01
-1.491830000000000034e+01,-4.691830000000000211e+01
-1.491798333333333382e+01,-4.691798333333333204e+01
-1.491766666666666730e+01,-4.691766666666666907e+01
-1.491735000000000078e+01,-4.691734999999999900e+01
-1.491703333333333426e+01,-4.691703333333333603e+01
-1.491671666666666773e+01,-4.691671666666666596e+01
-1.491639999999999944e+01,-4.691640000000000299e+01
-1.491608333333333292e+01,-4.691608333333333292e+01
-1.491576666666666640e+01,-4.691576666666666995e+01
-1.491544999999999987e+01,-4.691544999999999987e+01
-1.491513333333333335e+01,-4.691513333333333691e+01
-1.491481666666666683e+01,-4.691481666666666683e+01
-1.491450000000000031e+01,-4.691450000000000387e+01
-1.491418333333333379e+01,-4.691418333333333379e+01
-1.491386666666666727e+01,-4.691386666666667082e+01
-1.491355000000000075e+01,-4.691355000000000075e+01
-1.491323333333333423e+01,-4.691323333333333778e+01
-1.491291666666666771e+01,-4.691291666666666771e+01
-1.491259999999999941e+01,-4.691259999999999764e+01
-1.491228333333333289e+01,-4.691228333333333467e+01
-1.491196666666666637e+01,-4.691196666666666459e+01
-1.491164999999999985e+01,-4.691165000000000163e+01
-1.491133333333333333e+01,-4.691133333333333155e+01
-1.491101666666666681e+01,-4.691101666666666858e+01
-1.491070000000000029e+01,-4.691069999999999851e+01
-1.491038333333333377e+01,-4.691038333333333554e+01
-1.491006666666666725e+01,-4.691006666666666547e+01
-1.490975000000000072e+01,-4.690975000000000250e+01
-1.490943333333333420e+01,-4.690943333333333243e+01
-1.490911666666666768e+01,-4.690911666666666946e+01
-1.490879999999999939e+01,-4.690879999999999939e+01
-1.490848333333333287e+01,-4.690848333333333642e+01
-1.490816666666666634e+01,-4.690816666666666634e+01
-1.490784999999999982e+01,-4.690785000000000338e+01
-1.490753333333333330e+01,-4.690753333333333330e+01
-1.490721666666666678e+01,-4.690721666666667033e+01
-1.490690000000000026e+01,-4.690690000000000026e+01
-1.490658333333333374e+01,-4.690658333333333729e+01
-1.490626666666666722e+01,-4.690626666666666722e+01
-1.490595000000000070e+01,-4.690595000000000425e+01
-1.490563333333333418e+01,-4.690563333333333418e+01
-1.490531666666666766e+01,-4.690531666666667121e+01
-1.490500000000000114e+01,-4.690500000000000114e+01
-1.490468333333333284e+01,-4.690468333333333106e+01
-1.490436666666666632e+01,-4.690436666666666810e+01
-1.490404999999999980e+01,-4.690404999999999802e+01
-1.490373333333333328e+01,-4.690373333333333505e+01
-1.490341666666666676e+01,-4.690341666666666498e+01
-1.490310000000000024e+01,-4.690310000000000201e+01
-1.490278333333333372e+01,-4.690278333333333194e+01
-1.490246666666666719e+01,-4.690246666666666897e+01
-1.490215000000000067e+01,-4.690214999999999890e+01
-1.490183333333333415e+01,-4.690183333333333593e+01
-1.490151666666666763e+01,-4.690151666666666586e+01
-1.490120000000000111e+01,-4.690120000000000289e+01
-1.490088333333333281e+01,-4.690088333333333281e+01
-1.490056666666666629e+01,-4.690056666666666985e+01
-1.490024999999999977e+01,-4.690024999999999977e+01
-1.489993333333333325e+01,-4.689993333333333680e+01
-1.489961666666666673e+01,-4.689961666666666673e+01
-1.489930000000000021e+01,-4.689930000000000376e+01
-1.489898333333333369e+01,-4.689898333333333369e+01
-1.489866666666666717e+01,-4.689866666666667072e+01
-1.489835000000000065e+01,-4.689835000000000065e+01
-1.489803333333333413e+01,-4.689803333333333768e+01
-1.489771666666666761e+01,-4.689771666666666761e+01
-1.489740000000000109e+01,-4.689740000000000464e+01
-1.489708333333333279e+01,-4.689708333333333456e+01
-1.489676666666666627e+01,-4.689676666666666449e+01
-1.489644999999999975e+01,-4.689645000000000152e+01
-1.489613333333333323e+01,-4.689613333333333145e+01
-1.489581666666666671e+01,-4.689581666666666848e+01
-1.489550000000000018e+01,-4.689549999999999841e+01
-1.489518333333333366e+01,-4.689518333333333544e+01
-1.489486666666666714e+01,-4.689486666666666537e+01
-1.489455000000000062e+01,-4.689455000000000240e+01
-1.489423333333333410e+01,-4.689423333333333233e+01
-1.489391666666666758e+01,-4.689391666666666936e+01
-1.489360000000000106e+01,-4.689359999999999928e+01
-1.489328333333333276e+01,-4.689328333333333632e+01
-1.489296666666666624e+01,-4.689296666666666624e+01
-1.489264999999999972e+01,-4.689265000000000327e+01
-1.489233333333333320e+01,-4.689233333333333320e+01
-1.489201666666666668e+01,-4.689201666666667023e+01
-1.489170000000000016e+01,-4.689170000000000016e+01
-1.489138333333333364e+01,-4.689138333333333719e+01
-1.489106666666666712e+01,-4.689106666666666712e+01
-1.489075000000000060e+01,-4.689075000000000415e+01
-1.489043333333333408e+01,-4.689043333333333408e+01
-1.489011666666666756e+01,-4.689011666666667111e+01
-1.488980000000000103e+01,-4.688980000000000103e+01
-1.488948333333333451e+01,-4.688948333333333807e+01
-1.488916666666666622e+01,-4.688916666666666799e+01
-1.488884999999999970e+01,-4.688884999999999792e+01
-1.488853333333333318e+01,-4.688853333333333495e+01
-1.488821666666666665e+01,-4.688821666666666488e+01
-1.488790000000000013e+01,-4.688790000000000191e+01
-1.488758333333333361e+01,-4.688758333333333184e+01
-1.488726666666666709e+01,-4.688726666666666887e+01
-1.488695000000000057e+01,-4.688694999999999879e+01
-1.488663333333333405e+01,-4.688663333333333583e+01
-1.488631666666666753e+01,-4.688631666666666575e+01
-1.488600000000000101e+01,-4.688600000000000279e+01
-1.488568333333333449e+01,-4.688568333333333271e+01
-1.488536666666666619e+01,-4.688536666666666974e+01
-1.488504999999999967e+01,-4.688504999999999967e+01
-1.488473333333333315e+01,-4.688473333333333670e+01
-1.488441666666666663e+01,-4.688441666666666663e+01
-1.488410000000000011e+01,-4.688410000000000366e+01
-1.488378333333333359e+01,-4.688378333333333359e+01
-1.488346666666666707e+01,-4.688346666666667062e+01
-1.488315000000000055e+01,-4.688315000000000055e+01
-1.488283333333333402e+01,-4.688283333333333758e+01
-1.488251666666666750e+01,-4.688251666666666750e+01
-1.488220000000000098e+01,-4.688220000000000454e+01
-1.488188333333333446e+01,-4.688188333333333446e+01
-1.488156666666666617e+01,-4.688156666666667149e+01
-1.488124999999999964e+01,-4.688125000000000142e+01
-1.488093333333333312e+01,-4.688093333333333135e+01
-1.488061666666666660e+01,-4.688061666666666838e+01
-1.488030000000000008e+01,-4.688029999999999831e+01
-1.487998333333333356e+01,-4.687998333333333534e+01
-1.487966666666666704e+01,-4.687966666666666526e+01
-1.487935000000000052e+01,-4.687935000000000230e+01
-1.487903333333333400e+01,-4.687903333333333222e+01
-1.487871666666666748e+01,-4.687871666666666925e+01
-1.487840000000000096e+01,-4.687839999999999918e+01
-1.487808333333333444e+01,-4.687808333333333621e+01
-1.487776666666666614e+01,-4.687776666666666614e+01
-1.487744999999999962e+01,-4.687745000000000317e+01
-1.487713333333333310e+01,-4.687713333333333310e+01
-1.487681666666666658e+01,-4.687681666666667013e+01
-1.487650000000000006e+01,-4.687650000000000006e+01
-1.487618333333333354e+01,-4.687618333333333709e+01
-1.487586666666666702e+01,-4.687586666666666702e+01
-1.487555000000000049e+01,-4.687555000000000405e+01
-1.487523333333333397e+01,-4.687523333333333397e+01
-1.487491666666666745e+01,-4.687491666666667101e+01
-1.487460000000000093e+01,-4.687460000000000093e+01
-1.487428333333333441e+01,-4.687428333333333796e+01
-1.487396666666666789e+01,-4.687396666666666789e+01
-1.487364999999999959e+01,-4.687365000000000492e+01
-1.487333333333333307e+01,-4.687333333333333485e+01
-1.487301666666666655e+01,-4.687301666666666478e+01
-1.487270000000000003e+01,-4.687270000000000181e+01
-1.487238333333333351e+01,-4.687238333333333173e+01
-1.487206666666666699e+01,-4.687206666666666877e+01
-1.487175000000000047e+01,-4.687174999999999869e+01
-1.487143333333333395e+01,-4.687143333333333572e+01
-1.487111666666666743e+01,-4.687111666666666565e+01
-1.487080000000000091e+01,-4.687080000000000268e+01
-1.487048333333333439e+01,-4.687048333333333261e+01
-1.487016666666666787e+01,-4.687016666666666964e+01
-1.486984999999999957e+01,-4.686984999999999957e+01
-1.486953333333333305e+01,-4.686953333333333660e+01
-1.486921666666666653e+01,-4.686921666666666653e+01
-1.486890000000000001e+01,-4.686890000000000356e+01
-1.486858333333333348e+01,-4.686858333333333348e+01
-1.486826666666666696e+01,-4.686826666666667052e+01
-1.486795000000000044e+01,-4.686795000000000044e+01
-1.486763333333333392e+01,-4.686763333333333748e+01
-1.486731666666666740e+01,-4.686731666666666740e+01
-1.486700000000000088e+01,-4.686700000000000443e+01
-1.486668333333333436e+01,-4.686668333333333436e+01
-1.486636666666666784e+01,-4.686636666666667139e+01
-1.486604999999999954e+01,-4.686605000000000132e+01
-1.486573333333333302e+01,-4.686573333333333835e+01
-1.486541666666666650e+01,-4.686541666666666828e+01
-1.486509999999999998e+01,-4.686509999999999820e+01
-1.486478333333333346e+01,-4.686478333333333524e+01
-1.486446666666666694e+01,-4.686446666666666516e+01
-1.486415000000000042e+01,-4.686415000000000219e+01
-1.486383333333333390e+01,-4.686383333333333212e+01
-1.486351666666666738e+01,-4.686351666666666915e+01
-1.486320000000000086e+01,-4.686319999999999908e+01
-1.486288333333333433e+01,-4.686288333333333611e+01
-1.486256666666666781e+01,-4.686256666666666604e+01
-1.486224999999999952e+01,-4.686225000000000307e+01
-1.486193333333333300e+01,-4.686193333333333300e+01
-1.486161666666666648e+01,-4.686161666666667003e+01
-1.486129999999999995e+01,-4.686129999999999995e+01
-1.486098333333333343e+01,-4.686098333333333699e+01
-1.486066666666666691e+01,-4.686066666666666691e+01
-1.486035000000000039e+01,-4.686035000000000394e+01
-1.486003333333333387e+01,-4.686003333333333387e+01
-1.485971666666666735e+01,-4.685971666666667090e+01
-1.485940000000000083e+01,-4.685940000000000083e+01
-1.485908333333333431e+01,-4.685908333333333786e+01
-1.485876666666666779e+01,-4.685876666666666779e+01
-1.485845000000000127e+01,-4.685845000000000482e+01
-1.485813333333333297e+01,-4.685813333333333475e+01
-1.485781666666666645e+01,-4.685781666666667178e+01
-1.485749999999999993e+01,-4.685750000000000171e+01
-1.485718333333333341e+01,-4.685718333333333163e+01
-1.485686666666666689e+01,-4.685686666666666866e+01
-1.485655000000000037e+01,-4.685654999999999859e+01
-1.485623333333333385e+01,-4.685623333333333562e+01
-1.485591666666666733e+01,-4.685591666666666555e+01
-1.485560000000000080e+01,-4.685560000000000258e+01
-1.485528333333333428e+01,-4.685528333333333251e+01
-1.485496666666666776e+01,-4.685496666666666954e+01
-1.485465000000000124e+01,-4.685464999999999947e+01
-1.485433333333333294e+01,-4.685433333333333650e+01
-1.485401666666666642e+01,-4.685401666666666642e+01
-1.485369999999999990e+01,-4.685370000000000346e+01
-1.485338333333333338e+01,-4.685338333333333338e+01
-1.485306666666666686e+01,-4.685306666666667041e+01
-1.485275000000000034e+01,-4.685275000000000034e+01
-1.485243333333333382e+01,-4.685243333333333737e+01
-1.485211666666666730e+01,-4.685211666666666730e+01
-1.485180000000000078e+01,-4.685180000000000433e+01
-1.485148333333333426e+01,-4.685148333333333426e+01
-1.485116666666666774e+01,-4.685116666666667129e+01
-1.485085000000000122e+01,-4.685085000000000122e+01
-1.485053333333333292e+01,-4.685053333333333825e+01
-1.485021666666666640e+01,-4.685021666666666817e+01
-1.484989999999999988e+01,-4.684990000000000521e+01
-1.484958333333333336e+01,-4.684958333333333513e+01
-1.484926666666666684e+01,-4.684926666666666506e+01
-1.484895000000000032e+01,-4.684895000000000209e+01
-1.484863333333333379e+01,-4.684863333333333202e+01
-1.484831666666666727e+01,-4.684831666666666905e+01
-1.484800000000000075e+01,-4.684799999999999898e+01
-1.484768333333333423e+01,-4.684768333333333601e+01
-1.484736666666666771e+01,-4.684736666666666594e+01
-1.484705000000000119e+01,-4.684705000000000297e+01
-1.484673333333333289e+01,-4.684673333333333289e+01
-1.484641666666666637e+01,-4.684641666666666993e+01
-1.484609999999999985e+01,-4.684609999999999985e+01
-1.484578333333333333e+01,-4.684578333333333688e+01
-1.484546666666666681e+01,-4.684546666666666681e+01
-1.484515000000000029e+01,-4.684515000000000384e+01
-1.484483333333333377e+01,-4.684483333333333377e+01
-1.484451666666666725e+01,-4.684451666666667080e+01
-1.484420000000000073e+01,-4.684420000000000073e+01
-1.484388333333333421e+01,-4.684388333333333776e+01
-1.484356666666666769e+01,-4.684356666666666769e+01
-1.484325000000000117e+01,-4.684325000000000472e+01
-1.484293333333333464e+01,-4.684293333333333464e+01
-1.484261666666666635e+01,-4.684261666666667168e+01
-1.484229999999999983e+01,-4.684230000000000160e+01
-1.484198333333333331e+01,-4.684198333333333863e+01
-1.484166666666666679e+01,-4.684166666666666856e+01
-1.484135000000000026e+01,-4.684134999999999849e+01
-1.484103333333333374e+01,-4.684103333333333552e+01
-1.484071666666666722e+01,-4.684071666666666545e+01
-1.484040000000000070e+01,-4.684040000000000248e+01
-1.484008333333333418e+01,-4.684008333333333240e+01
-1.483976666666666766e+01,-4.683976666666666944e+01
-1.483945000000000114e+01,-4.683944999999999936e+01
-1.483913333333333462e+01,-4.683913333333333640e+01
-1.483881666666666632e+01,-4.683881666666666632e+01
-1.483849999999999980e+01,-4.683850000000000335e+01
-1.483818333333333328e+01,-4.683818333333333328e+01
-1.483786666666666676e+01,-4.683786666666667031e+01
-1.483755000000000024e+01,-4.683755000000000024e+01
-1.483723333333333372e+01,-4.683723333333333727e+01
-1.483691666666666720e+01,-4.683691666666666720e+01
-1.483660000000000068e+01,-4.683660000000000423e+01
-1.483628333333333416e+01,-4.683628333333333416e+01
-1.483596666666666763e+01,-4.683596666666667119e+01
-1.483565000000000111e+01,-4.683565000000000111e+01
-1.483533333333333459e+01,-4.683533333333333815e+01
-1.483501666666666630e+01,-4.683501666666666807e+01
-1.483469999999999978e+01,-4.683470000000000510e+01
-1.483438333333333325e+01,-4.683438333333333503e+01
-1.483406666666666673e+01,-4.683406666666667206e+01
-1.483375000000000021e+01,-4.683375000000000199e+01
-1.483343333333333369e+01,-4.683343333333333192e+01
-1.483311666666666717e+01,-4.683311666666666895e+01
-1.483280000000000065e+01,-4.683279999999999887e+01
-1.483248333333333413e+01,-4.683248333333333591e+01
-1.483216666666666761e+01,-4.683216666666666583e+01
-1.483185000000000109e+01,-4.683185000000000286e+01
-1.483153333333333457e+01,-4.683153333333333279e+01
-1.483121666666666627e+01,-4.683121666666666982e+01
-1.483089999999999975e+01,-4.683089999999999975e+01
-1.483058333333333323e+01,-4.683058333333333678e+01
-1.483026666666666671e+01,-4.683026666666666671e+01
-1.482995000000000019e+01,-4.682995000000000374e+01
-1.482963333333333367e+01,-4.682963333333333367e+01
-1.482931666666666715e+01,-4.682931666666667070e+01
-1.482900000000000063e+01,-4.682900000000000063e+01
-1.482868333333333410e+01,-4.682868333333333766e+01
-1.482836666666666758e+01,-4.682836666666666758e+01
-1.482805000000000106e+01,-4.682805000000000462e+01
-1.482773333333333454e+01,-4.682773333333333454e+01
-1.482741666666666802e+01,-4.682741666666667157e+01
-1.482709999999999972e+01,-4.682710000000000150e+01
-1.482678333333333320e+01,-4.682678333333333853e+01
-1.482646666666666668e+01,-4.682646666666666846e+01
-1.482615000000000016e+01,-4.682615000000000549e+01
-1.482583333333333364e+01,-4.682583333333333542e+01
-1.482551666666666712e+01,-4.682551666666666534e+01
-1.482520000000000060e+01,-4.682520000000000238e+01
-1.482488333333333408e+01,-4.682488333333333230e+01
-1.482456666666666756e+01,-4.682456666666666933e+01
-1.482425000000000104e+01,-4.682424999999999926e+01
-1.482393333333333452e+01,-4.682393333333333629e+01
-1.482361666666666800e+01,-4.682361666666666622e+01
-1.482329999999999970e+01,-4.682330000000000325e+01
-1.482298333333333318e+01,-4.682298333333333318e+01
-1.482266666666666666e+01,-4.682266666666667021e+01
-1.482235000000000014e+01,-4.682235000000000014e+01
-1.482203333333333362e+01,-4.682203333333333717e+01
-1.482171666666666709e+01,-4.682171666666666709e+01
-1.482140000000000057e+01,-4.682140000000000413e+01
-1.482108333333333405e+01,-4.682108333333333405e+01
-1.482076666666666753e+01,-4.682076666666667109e+01
-1.482045000000000101e+01,-4.682045000000000101e+01
-1.482013333333333449e+01,-4.682013333333333804e+01
-1.481981666666666797e+01,-4.681981666666666797e+01
-1.481949999999999967e+01,-4.681950000000000500e+01
-1.481918333333333315e+01,-4.681918333333333493e+01
-1.481886666666666663e+01,-4.681886666666667196e+01
-1.481855000000000011e+01,-4.681855000000000189e+01
-1.481823333333333359e+01,-4.681823333333333892e+01
-1.481791666666666707e+01,-4.681791666666666885e+01
-1.481760000000000055e+01,-4.681759999999999877e+01
-1.481728333333333403e+01,-4.681728333333333580e+01
-1.481696666666666751e+01,-4.681696666666666573e+01
-1.481665000000000099e+01,-4.681665000000000276e+01
-1.481633333333333447e+01,-4.681633333333333269e+01
-1.481601666666666794e+01,-4.681601666666666972e+01
-1.481569999999999965e+01,-4.681569999999999965e+01
-1.481538333333333313e+01,-4.681538333333333668e+01
-1.481506666666666661e+01,-4.681506666666666661e+01
-1.481475000000000009e+01,-4.681475000000000364e+01
-1.481443333333333356e+01,-4.681443333333333356e+01
-1.481411666666666704e+01,-4.681411666666667060e+01
-1.481380000000000052e+01,-4.681380000000000052e+01
-1.481348333333333400e+01,-4.681348333333333755e+01
-1.481316666666666748e+01,-4.681316666666666748e+01
-1.481285000000000096e+01,-4.681285000000000451e+01
-1.481253333333333444e+01,-4.681253333333333444e+01
-1.481221666666666792e+01,-4.681221666666667147e+01
-1.481189999999999962e+01,-4.681190000000000140e+01
-1.481158333333333310e+01,-4.681158333333333843e+01
-1.481126666666666658e+01,-4.681126666666666836e+01
-1.481095000000000006e+01,-4.681095000000000539e+01
-1.481063333333333354e+01,-4.681063333333333532e+01
-1.481031666666666702e+01,-4.681031666666667235e+01
-1.481000000000000050e+01,-4.681000000000000227e+01
