id,message_count,missing_messages
67,6,0
68,6,0
69,6,0
70,6,0
71,6,0
72,6,0
73,6,0
74,6,0
75,6,0
76,6,0
77,6,0
78,6,0
79,6,0
80,6,0
81,6,0
82,6,0
83,6,0
84,6,0
85,6,0
86,6,0
87,6,0
88,6,0
89,6,0
90,6,0
91,6,0
92,6,0
93,6,0
94,6,0
95,6,0
96,6,0
97,6,0
98,6,0
99,6,0
100,6,0
101,6,0
102,6,0
103,6,0
104,6,0
105,6,0
106,6,0
107,6,0
108,6,0
109,6,0
110,6,0
111,6,0
112,6,0
113,6,0
114,6,0
115,6,0
116,6,0
117,6,0
118,6,0
119,6,0
120,6,0
121,6,0
122,6,0
123,6,0
124,6,0
125,6,0
126,6,0
127,6,0
128,6,0
129,6,0
130,6,0
131,6,0
132,6,0
133,6,0
134,6,0
135,6,0
136,6,0
137,6,0
138,6,0
139,6,0
140,6,0
141,6,0
142,6,0
143,6,0
144,6,0
145,6,0
146,6,0
147,6,0
148,6,0
149,6,0
150,6,0
151,6,0
152,6,0
153,6,0
154,6,0
155,6,0
156,6,0
157,6,0
158,6,0
159,6,0
160,6,0
161,6,0
162,6,0
163,6,0
164,6,0
165,6,0
166,6,0
167,6,0
168,6,0
169,6,0
170,6,0
171,6,0
172,6,0
173,6,0
174,6,0
175,6,0
176,6,0
177,6,0
178,6,0
179,6,0
180,6,0
181,6,0
182,6,0
183,6,0
184,6,0
185,6,0
186,6,0
187,6,0
188,6,0
189,6,0
190,6,0
191,6,0
192,6,0
193,6,0
194,6,0
195,6,0
196,6,0
197,6,0
198,6,0
199,6,0
200,6,0
201,6,0
202,6,0
203,6,0
204,6,0
205,6,0
206,6,0
207,6,0
208,6,0
209,6,0
210,6,0
211,6,0
212,6,0
213,6,0
214,6,0
215,6,0
216,6,0
217,6,0
218,6,0
219,6,0
220,6,0
221,6,0
222,6,0
223,6,0
224,6,0
225,6,0
226,6,0
227,6,0
228,6,0
229,6,0
230,6,0
231,6,0
232,6,0
233,6,0
234,6,0
235,6,0
236,6,0
237,6,0
238,6,0
239,6,0
240,6,0
241,6,0
242,6,0
243,6,0
244,6,0
245,6,0
246,6,0
247,6,0
248,6,0
249,6,0
250,6,0
251,6,0
252,6,0
253,6,0
254,6,0
255,6,0
256,6,0
257,6,0
258,6,0
259,6,0
260,6,0
261,6,0
262,6,0
263,6,0
264,6,0
265,6,0
266,6,0
267,6,0
268,6,0
269,6,0
270,6,0
271,6,0
272,6,0
273,6,0
274,6,0
275,6,0
276,6,0
277,6,0
278,6,0
279,6,0
280,6,0
281,6,0
282,6,0
283,6,0
284,6,0
285,6,0
286,6,0
287,6,0
288,6,0
289,6,0
290,6,0
291,6,0
292,6,0
293,6,0
294,6,0
295,6,0
296,6,0
297,6,0
298,6,0
299,6,0
300,6,0
301,6,0
302,6,0
303,6,0
304,6,0
305,6,0
306,6,0
307,6,0
308,6,0
309,6,0
310,6,0
311,6,0
312,6,0
313,6,0
314,6,0
315,6,0
316,6,0
317,6,0
318,6,0
319,6,0
320,6,0
321,6,0
322,6,0
323,6,0
324,6,0
325,6,0
326,6,0
327,6,0
328,6,0
329,6,0
330,6,0
331,6,0
332,6,0
333,6,0
334,6,0
335,6,0
336,6,0
337,6,0
338,6,0
339,6,0
340,6,0
341,6,0
342,6,0
343,6,0
344,6,0
345,6,0
346,6,0
347,6,0
348,6,0
349,6,0
350,6,0
351,6,0
352,6,0
353,6,0
354,6,0
355,6,0
356,6,0
357,6,0
358,6,0
359,6,0
360,6,0
361,6,0
362,6,0
363,6,0
364,6,0
365,6,0
366,6,0
367,6,0
368,6,0
369,6,0
370,6,0
371,6,0
372,6,0
373,6,0
374,6,0
375,6,0
376,6,0
377,6,0
378,6,0
379,6,0
380,6,0
381,6,0
382,6,0
383,6,0
384,6,0
385,6,0
386,6,0
387,6,0
388,6,0
389,6,0
390,6,0
391,6,0
392,6,0
393,6,0
394,6,0
395,6,0
396,6,0
397,6,0
398,6,0
399,6,0
400,6,0
401,6,0
402,6,0
403,6,0
404,6,0
405,6,0
406,6,0
407,6,0
408,6,0
409,6,0
410,6,0
411,6,0
412,6,0
413,6,0
414,6,0
415,6,0
416,6,0
417,6,0
418,6,0
419,6,0
420,6,0
421,6,0
422,6,0
423,6,0
424,6,0
425,6,0
426,6,0
427,6,0
428,6,0
429,6,0
430,6,0
431,6,0
432,6,0
433,6,0
434,6,0
435,6,0
436,6,0
437,6,0
438,6,0
439,6,0
440,6,0
441,6,0
442,6,0
443,6,0
444,6,0
445,6,0
446,6,0
447,6,0
448,6,0
449,6,0
450,6,0
451,6,0
452,6,0
453,6,0
454,6,0
455,6,0
456,6,0
457,6,0
458,6,0
459,6,0
460,6,0
461,6,0
462,6,0
463,6,0
464,6,0
465,6,0
466,6,0
467,6,0
468,6,0
469,6,0
470,6,0
471,6,0
472,6,0
473,6,0
474,6,0
475,6,0
476,6,0
477,6,0
478,6,0
479,6,0
480,6,0
481,6,0
482,6,0
483,6,0
484,6,0
485,6,0
486,6,0
487,6,0
488,6,0
489,6,0
490,6,0
491,6,0
492,6,0
493,6,0
494,6,0
495,6,0
496,6,0
497,6,0
498,6,0
499,6,0
500,6,0
501,6,0
502,6,0
503,6,0
504,6,0
505,6,0
506,6,0
507,6,0
508,6,0
509,6,0
510,6,0
511,6,0
512,6,0
513,6,0
514,6,0
515,6,0
516,6,0
517,6,0
518,6,0
519,6,0
520,6,0
521,6,0
522,6,0
523,6,0
524,6,0
525,6,0
526,6,0
527,6,0
528,6,0
529,6,0
530,6,0
531,6,0
532,6,0
533,6,0
534,6,0
535,6,0
536,6,0
537,6,0
538,6,0
539,6,0
540,6,0
541,6,0
542,6,0
543,6,0
544,6,0
545,6,0
546,6,0
547,6,0
548,6,0
549,6,0
550,6,0
551,6,0
552,6,0
553,6,0
554,6,0
555,6,0
556,6,0
557,6,0
558,6,0
559,6,0
560,6,0
561,6,0
562,6,0
563,6,0
564,6,0
565,6,0
566,6,0
567,6,0
568,6,0
569,6,0
570,6,0
571,6,0
572,6,0
573,6,0
574,6,0
575,6,0
576,6,0
577,6,0
578,6,0
579,6,0
580,6,0
581,6,0
582,6,0
583,6,0
584,6,0
585,6,0
586,6,0
587,6,0
588,6,0
589,6,0
590,6,0
591,6,0
592,6,0
593,6,0
594,6,0
595,6,0
596,6,0
597,6,0
598,6,0
599,6,0
600,6,0
601,6,0
602,6,0
603,6,0
604,6,0
605,6,0
606,6,0
607,6,0
608,6,0
609,6,0
610,6,0
611,6,0
612,6,0
613,6,0
614,6,0
615,6,0
616,6,0
617,6,0
618,6,0
619,6,0
620,6,0
621,6,0
622,6,0
623,6,0
624,6,0
625,6,0
626,6,0
627,6,0
628,6,0
629,6,0
630,6,0
631,6,0
632,6,0
633,6,0
634,6,0
635,6,0
636,6,0
637,6,0
638,6,0
639,6,0
640,6,0
641,6,0
642,6,0
643,6,0
644,6,0
645,6,0
646,6,0
647,6,0
648,6,0
649,6,0
650,6,0
651,6,0
652,6,0
653,6,0
654,6,0
655,6,0
656,6,0
657,6,0
658,6,0
659,6,0
660,6,0
661,6,0
662,6,0
663,6,0
664,6,0
665,6,0
666,5,1
667,5,1
668,5,1
669,5,1
670,5,1
671,5,1
672,5,1
673,5,1
674,5,1
675,5,1
676,5,1
677,5,1
678,5,1
679,5,1
680,5,1
681,5,1
682,5,1
683,5,1
684,5,1
685,5,1
686,5,1
687,5,1
688,5,1
689,5,1
690,5,1
691,5,1
692,5,1
693,5,1
694,5,1
695,5,1
696,5,1
697,5,1
698,5,1
699,5,1
700,5,1
701,5,1
702,5,1
703,5,1
704,5,1
705,5,1
706,5,1
707,5,1
708,5,1
709,5,1
710,5,1
711,5,1
712,5,1
713,5,1
714,5,1
715,5,1
716,5,1
717,5,1
718,5,1
719,5,1
720,5,1
721,5,1
722,5,1
723,5,1
724,5,1
725,5,1
726,5,1
727,5,1
728,5,1
729,5,1
730,5,1
731,5,1
732,5,1
733,5,1
734,5,1
735,5,1
736,5,1
737,5,1
738,5,1
739,5,1
740,5,1
741,5,1
742,5,1
743,5,1
744,5,1
745,5,1
746,5,1
747,5,1
748,5,1
749,5,1
750,5,1
751,5,1
752,5,1
753,5,1
754,5,1
755,5,1
756,5,1
757,5,1
758,5,1
759,5,1
760,5,1
761,5,1
762,5,1
763,5,1
764,5,1
765,5,1
766,5,1
767,5,1
768,5,1
769,5,1
770,5,1
771,5,1
772,5,1
773,5,1
774,5,1
775,5,1
776,5,1
777,5,1
778,5,1
779,5,1
780,5,1
781,5,1
782,5,1
783,5,1
784,5,1
785,6,0
786,6,0
787,6,0
788,6,0
789,6,0
790,6,0
791,6,0
792,6,0
793,6,0
794,6,0
795,6,0
796,6,0
797,6,0
798,6,0
799,6,0
800,6,0
801,6,0
802,6,0
803,6,0
804,6,0
805,6,0
806,6,0
807,6,0
808,6,0
809,6,0
810,6,0
811,6,0
812,6,0
813,6,0
814,6,0
815,6,0
816,6,0
817,6,0
818,6,0
819,6,0
820,6,0
821,6,0
822,6,0
823,6,0
824,6,0
825,6,0
826,6,0
827,6,0
828,6,0
829,6,0
830,6,0
831,6,0
832,6,0
833,6,0
834,6,0
835,6,0
836,6,0
837,6,0
838,6,0
839,6,0
840,6,0
841,6,0
842,6,0
843,6,0
844,6,0
845,6,0
846,6,0
847,6,0
848,6,0
849,6,0
850,6,0
851,6,0
852,6,0
853,6,0
854,6,0
855,6,0
856,6,0
857,6,0
858,6,0
859,6,0
860,6,0
861,6,0
862,6,0
863,6,0
864,6,0
865,6,0
866,6,0
867,6,0
868,6,0
869,6,0
870,6,0
871,6,0
872,6,0
873,6,0
874,6,0
875,6,0
876,6,0
877,6,0
878,6,0
879,6,0
880,6,0
881,6,0
882,6,0
883,6,0
884,6,0
885,6,0
886,6,0
887,6,0
888,6,0
889,6,0
890,6,0
891,6,0
892,6,0
893,6,0
894,6,0
895,6,0
896,6,0
897,6,0
898,6,0
899,6,0
900,6,0
901,6,0
902,6,0
903,6,0
904,6,0
905,6,0
906,6,0
907,6,0
908,6,0
909,6,0
910,6,0
911,6,0
912,6,0
913,6,0
914,6,0
915,6,0
916,6,0
917,6,0
918,6,0
919,6,0
920,6,0
921,6,0
922,6,0
923,6,0
924,6,0
925,6,0
926,6,0
927,6,0
928,6,0
929,6,0
930,6,0
931,6,0
932,6,0
933,6,0
934,6,0
935,6,0
936,6,0
937,6,0
938,6,0
939,6,0
940,6,0
941,6,0
942,6,0
943,6,0
944,6,0
945,6,0
946,6,0
947,6,0
948,6,0
949,6,0
950,6,0
951,6,0
952,6,0
953,6,0
954,6,0
955,6,0
956,6,0
957,6,0
958,6,0
959,6,0
960,6,0
961,6,0
962,6,0
963,6,0
964,6,0
965,6,0
966,6,0
967,6,0
968,6,0
969,6,0
970,6,0
971,6,0
972,6,0
973,6,0
974,6,0
975,6,0
976,6,0
977,6,0
978,6,0
979,6,0
980,6,0
981,6,0
982,6,0
983,6,0
984,6,0
985,6,0
986,6,0
987,6,0
988,6,0
989,6,0
990,6,0
991,6,0
992,6,0
993,6,0
994,6,0
995,6,0
996,6,0
997,6,0
998,6,0
999,6,0
1000,6,0
1001,6,0
1002,6,0
1003,6,0
1004,6,0
1005,6,0
1006,6,0
1007,6,0
1008,6,0
1009,6,0
1010,6,0
1011,6,0
1012,6,0
1013,6,0
1014,6,0
1015,6,0
1016,6,0
1017,6,0
1018,6,0
1019,6,0
1020,6,0
1021,6,0
1022,6,0
1023,6,0
1024,6,0
1025,6,0
1026,6,0
1027,6,0
1028,6,0
1029,6,0
1030,6,0
1031,6,0
1032,6,0
1033,6,0
1034,6,0
1035,6,0
1036,6,0
1037,6,0
1038,6,0
1039,6,0
1040,6,0
1041,6,0
1042,6,0
1043,6,0
1044,6,0
1045,6,0
1046,6,0
1047,6,0
1048,6,0
1049,6,0
1050,6,0
1051,6,0
1052,6,0
1053,6,0
1054,6,0
1055,6,0
1056,6,0
1057,6,0
1058,6,0
1059,6,0
1060,6,0
1061,6,0
1062,6,0
1063,6,0
1064,6,0
1065,6,0
1066,6,0
1067,6,0
1068,6,0
1069,6,0
1070,6,0
1071,6,0
1072,6,0
1073,6,0
1074,6,0
1075,6,0
1076,6,0
1077,6,0
1078,6,0
1079,6,0
1080,6,0
1081,6,0
1082,6,0
1083,6,0
1084,6,0
1085,6,0
1086,6,0
1087,6,0
1088,6,0
1089,6,0
1090,6,0
1091,6,0
1092,6,0
1093,6,0
1094,6,0
1095,6,0
1096,6,0
1097,6,0
1098,6,0
1099,6,0
1100,6,0
1101,6,0
1102,6,0
1103,6,0
1104,6,0
1105,6,0
1106,6,0
1107,6,0
1108,6,0
1109,6,0
1110,6,0
1111,6,0
1112,6,0
1113,6,0
1114,6,0
1115,6,0
1116,6,0
1117,6,0
1118,6,0
1119,6,0
1120,6,0
1121,6,0
1122,6,0
1123,6,0
1124,6,0
1125,6,0
1126,6,0
1127,6,0
1128,6,0
1129,6,0
1130,6,0
1131,6,0
1132,6,0
1133,6,0
1134,6,0
1135,6,0
1136,6,0
1137,6,0
1138,6,0
1139,6,0
1140,6,0
1141,6,0
1142,6,0
1143,6,0
1144,6,0
1145,6,0
1146,6,0
1147,6,0
1148,6,0
1149,6,0
1150,6,0
1151,6,0
1152,6,0
1153,6,0
1154,6,0
1155,6,0
1156,6,0
1157,6,0
1158,6,0
1159,6,0
1160,6,0
1161,6,0
1162,6,0
1163,6,0
1164,6,0
1165,6,0
1166,6,0
1167,6,0
1168,6,0
1169,6,0
1170,6,0
1171,6,0
1172,6,0
1173,6,0
1174,6,0
1175,6,0
1176,6,0
1177,6,0
1178,6,0
1179,6,0
1180,6,0
1181,6,0
1182,6,0
1183,6,0
1184,6,0
1185,6,0
1186,6,0
1187,6,0
1188,6,0
1189,6,0
1190,6,0
1191,6,0
1192,6,0
1193,6,0
1194,6,0
1195,6,0
1196,6,0
1197,6,0
1198,6,0
1199,6,0
1200,6,0
1201,6,0
1202,6,0
1203,6,0
1204,6,0
1205,6,0
1206,6,0
1207,6,0
1208,6,0
1209,6,0
1210,6,0
1211,6,0
1212,6,0
1213,6,0
1214,6,0
1215,6,0
1216,6,0
1217,6,0
1218,6,0
1219,6,0
1220,6,0
1221,6,0
1222,6,0
1223,6,0
1224,6,0
1225,6,0
1226,6,0
1227,6,0
1228,6,0
1229,6,0
1230,6,0
1231,6,0
1232,6,0
1233,6,0
1234,6,0
1235,6,0
1236,6,0
1237,6,0
1238,6,0
1239,6,0
1240,6,0
1241,6,0
1242,6,0
1243,6,0
1244,6,0
1245,6,0
1246,6,0
1247,6,0
1248,6,0
1249,6,0
1250,6,0
1251,6,0
1252,6,0
1253,6,0
1254,6,0
1255,6,0
1256,6,0
1257,6,0
1258,6,0
1259,6,0
1260,6,0
1261,6,0
1262,6,0
1263,6,0
1264,6,0
1265,6,0
1266,6,0
1267,6,0
1268,6,0
1269,6,0
1270,6,0
1509,6,0
1510,6,0
1511,6,0
1512,6,0
1513,6,0
1514,6,0
1515,6,0
1516,6,0
1517,6,0
1518,6,0
1519,6,0
1520,6,0
1521,6,0
1522,6,0
1523,6,0
1524,6,0
1525,6,0
1526,6,0
1527,6,0
1528,6,0
1529,6,0
1530,6,0
1531,6,0
1532,6,0
1533,6,0
1534,6,0
1535,6,0
1536,6,0
1537,6,0
1538,6,0
1539,6,0
1540,6,0
1541,6,0
1542,6,0
1543,6,0
1544,6,0
1545,6,0
1546,6,0
1547,6,0
1548,6,0
1549,6,0
1550,6,0
1551,6,0
1552,6,0
1553,6,0
1554,6,0
1555,6,0
1556,6,0
1557,6,0
1558,6,0
1559,6,0
1560,6,0
1561,6,0
1562,6,0
1563,6,0
1564,6,0
1565,6,0
1566,6,0
1567,6,0
1568,6,0
1569,6,0
1570,6,0
1571,6,0
1572,6,0
1573,6,0
1574,6,0
1575,6,0
1576,6,0
1577,6,0
1578,6,0
1579,6,0
1580,6,0
1581,6,0
1582,6,0
1583,6,0
1584,6,0
1585,6,0
1586,6,0
1587,6,0
1588,6,0
1589,6,0
1590,6,0
1591,6,0
1592,6,0
1593,6,0
1594,6,0
1595,6,0
1596,6,0
1597,6,0
1598,6,0
1599,6,0
1600,6,0
1601,6,0
1602,6,0
1603,6,0
1604,6,0
1605,6,0
1606,6,0
1607,6,0
1608,6,0
1609,6,0
1610,6,0
1611,6,0
1612,6,0
1613,6,0
1614,6,0
1615,6,0
1616,6,0
1617,6,0
1618,6,0
1619,6,0
1620,6,0
1621,6,0
1622,6,0
1623,6,0
1624,6,0
1625,6,0
1626,6,0
1627,6,0
1628,6,0
1629,6,0
1630,6,0
1631,6,0
1632,6,0
1633,6,0
1634,6,0
1635,6,0
1636,6,0
1637,6,0
1638,6,0
1639,6,0
1640,6,0
1641,6,0
1642,6,0
1643,6,0
1644,6,0
1645,6,0
1646,6,0
1647,6,0
1648,6,0
1649,6,0
1650,6,0
1651,6,0
1652,6,0
1653,6,0
1654,6,0
1655,6,0
1656,6,0
1657,6,0
1658,6,0
1659,6,0
1660,6,0
1661,6,0
1662,6,0
1663,6,0
1664,6,0
1665,6,0
1666,6,0
1667,6,0
1668,6,0
1669,6,0
1670,6,0
1671,6,0
1672,6,0
1673,6,0
1674,6,0
1675,6,0
1676,6,0
1677,6,0
1678,6,0
1679,6,0
1680,6,0
1681,6,0
1682,6,0
1683,6,0
1684,6,0
1685,6,0
1686,6,0
1687,6,0
1688,6,0
1689,6,0
1690,6,0
1691,6,0
1692,6,0
1693,6,0
1694,6,0
1695,6,0
1696,6,0
1697,6,0
1698,6,0
1699,6,0
1700,6,0
1701,6,0
1702,6,0
1703,6,0
1704,6,0
1705,6,0
1706,6,0
1707,6,0
1708,6,0
1709,6,0
1710,6,0
1711,6,0
1712,6,0
1713,6,0
1714,6,0
1715,6,0
1716,6,0
1717,6,0
1718,6,0
1719,6,0
1720,6,0
1721,6,0
1722,6,0
1723,6,0
1724,6,0
1725,6,0
1726,6,0
1727,6,0
1728,6,0
1729,6,0
1730,6,0
1731,6,0
1732,6,0
1733,6,0
1734,6,0
1735,6,0
1736,6,0
1737,6,0
1738,6,0
1739,6,0
1740,6,0
1741,6,0
1742,6,0
1743,6,0
1744,6,0
1745,6,0
1746,6,0
1747,6,0
1748,6,0
1749,6,0
1750,6,0
1751,6,0
1752,6,0
1753,6,0
1754,6,0
1755,6,0
1756,6,0
1757,6,0
1758,6,0
1759,6,0
1760,6,0
1761,6,0
1762,6,0
1763,6,0
1764,6,0
1765,6,0
1766,6,0
1767,6,0
1768,6,0
1769,6,0
1770,6,0
1771,6,0
1772,6,0
1773,6,0
1774,6,0
1775,6,0
1776,6,0
1777,6,0
1778,6,0
1779,6,0
1780,6,0
1781,6,0
1782,6,0
1783,6,0
1784,6,0
1785,6,0
1786,6,0
1787,6,0
1788,6,0
1789,6,0
1790,6,0
1791,6,0
1792,6,0
1793,6,0
1794,6,0
1795,6,0
1796,6,0
1797,6,0
1798,6,0
1799,6,0
1800,6,0
1801,6,0
1802,6,0
1803,6,0
1804,6,0
1805,6,0
1806,6,0
1807,6,0
1808,6,0
1809,6,0
1810,6,0
1811,6,0
1812,6,0
1813,6,0
1814,6,0
1815,6,0
1816,6,0
1817,6,0
1818,6,0
1819,6,0
1820,6,0
1821,6,0
1822,6,0
1823,6,0
1824,6,0
1825,6,0
1826,6,0
1827,6,0
1828,6,0
1829,6,0
1830,6,0
1831,6,0
1832,6,0
1833,6,0
1834,6,0
1835,6,0
1836,6,0
1837,6,0
1838,6,0
1839,6,0
1840,6,0
1841,6,0
1842,6,0
1843,6,0
1844,6,0
1845,6,0
1846,6,0
1847,6,0
1848,6,0
1849,6,0
1850,6,0
1851,6,0
1852,6,0
1853,6,0
1854,6,0
1855,6,0
1856,6,0
1857,6,0
1858,6,0
1859,6,0
1860,6,0
1861,6,0
1862,6,0
1863,6,0
1864,6,0
1865,6,0
1866,6,0
1867,6,0
1868,6,0
1869,6,0
1870,6,0
1871,6,0
1872,6,0
1873,6,0
1874,6,0
1875,6,0
1876,6,0
1877,6,0
1878,6,0
1879,6,0
1880,6,0
1881,6,0
1882,6,0
1883,6,0
1884,6,0
1885,6,0
1886,6,0
1887,6,0
1888,6,0
1889,6,0
1890,6,0
1891,6,0
1892,6,0
1893,6,0
1894,6,0
1895,6,0
1896,6,0
1897,6,0
1898,6,0
1899,6,0
1900,6,0
1901,6,0
1902,6,0
1903,6,0
1904,6,0
1905,6,0
1906,6,0
1907,6,0
1908,6,0
1909,6,0
1910,6,0
1911,6,0
1912,6,0
1913,6,0
1914,6,0
1915,6,0
1916,6,0
1917,6,0
1918,6,0
1919,6,0
1920,6,0
1921,6,0
1922,6,0
1923,6,0
1924,6,0
1925,6,0
1926,6,0
1927,6,0
1928,6,0
1929,6,0
1930,6,0
1931,6,0
1932,6,0
1933,6,0
1934,6,0
1935,6,0
1936,6,0
1937,6,0
1938,6,0
1939,6,0
1940,6,0
1941,6,0
1942,6,0
1943,6,0
1944,6,0
1945,6,0
1946,6,0
1947,6,0
1948,6,0
1949,6,0
1950,6,0
1951,6,0
1952,6,0
1953,6,0
1954,6,0
1955,6,0
1956,6,0
1957,6,0
1958,6,0
1959,6,0
1960,6,0
1961,6,0
1962,6,0
1963,6,0
1964,6,0
1965,6,0
1966,6,0
1967,6,0
1968,6,0
1969,6,0
1970,6,0
1971,6,0
1972,6,0
1973,6,0
1974,6,0
1975,6,0
1976,6,0
1977,6,0
1978,6,0
1979,6,0
1980,6,0
1981,6,0
1982,6,0
1983,6,0
1984,6,0
1985,6,0
1986,6,0
1987,6,0
1988,6,0
1989,6,0
1990,6,0
1991,6,0
1992,6,0
1993,6,0
1994,6,0
1995,6,0
1996,6,0
1997,6,0
1998,6,0
1999,6,0
2000,6,0
2001,6,0
2002,6,0
2003,6,0
2004,6,0
2005,6,0
2006,6,0
2007,6,0
2008,6,0
2009,6,0
2010,6,0
2011,6,0
2012,6,0
2013,6,0
2014,6,0
2015,6,0
2016,6,0
2017,6,0
2018,6,0
2019,6,0
2020,6,0
2021,6,0
2022,6,0
2023,6,0
2024,6,0
2025,6,0
2026,6,0
2027,6,0
2028,6,0
2029,6,0
2030,6,0
2031,6,0
2032,6,0
2033,6,0
2034,6,0
2035,6,0
2036,6,0
2037,6,0
2038,6,0
2039,6,0
2040,6,0
2041,6,0
2042,6,0
2043,6,0
2044,6,0
2045,6,0
2046,6,0
2047,6,0
2048,6,0
2049,6,0
2050,6,0
2051,6,0
2052,6,0
2053,6,0
2054,6,0
2055,6,0
2056,6,0
2057,6,0
2058,6,0
2059,6,0
2060,6,0
2061,6,0
2062,6,0
2063,6,0
2064,6,0
2065,6,0
2066,6,0
2067,6,0
2068,6,0
2069,6,0
2070,6,0
2071,6,0
2072,6,0
2073,6,0
2074,6,0
2075,6,0
2076,6,0
2077,6,0
2078,6,0
2079,6,0
2080,6,0
2081,6,0
2082,6,0
2083,6,0
2084,6,0
2085,6,0
2086,6,0
2087,6,0
2088,6,0
2089,6,0
2090,6,0
2091,6,0
2092,6,0
2093,6,0
2094,6,0
2095,6,0
2096,6,0
2097,6,0
2098,6,0
2099,6,0
2100,6,0
2101,6,0
2102,6,0
2103,6,0
2104,6,0
2105,6,0
2106,6,0
2107,6,0
2108,6,0
2109,6,0
2110,6,0
2111,6,0
2112,6,0
2113,6,0
2114,6,0
2115,6,0
2116,6,0
2117,6,0
2118,6,0
2119,6,0
2120,6,0
2121,6,0
2122,6,0
2123,6,0
2124,6,0
2125,6,0
2126,6,0
2127,6,0
2128,6,0
2129,6,0
2130,6,0
2131,6,0
2132,6,0
2133,6,0
2134,6,0
2135,6,0
2136,6,0
2137,6,0
2138,6,0
2139,6,0
2140,6,0
2141,6,0
2142,6,0
2143,6,0
2144,6,0
2145,6,0
2146,6,0
2147,6,0
2148,6,0
2149,6,0
2150,6,0
2151,6,0
2152,6,0
2153,6,0
2154,6,0
2155,6,0
2156,6,0
2157,6,0
2158,6,0
2159,6,0
2160,6,0
2161,6,0
2162,6,0
2163,6,0
2164,6,0
2165,6,0
2166,6,0
2167,6,0
2168,6,0
2169,6,0
2170,6,0
2171,6,0
2172,6,0
2173,6,0
2174,6,0
2175,6,0
2176,6,0
2177,6,0
2178,6,0
2179,6,0
2180,6,0
2181,6,0
2182,6,0
2183,6,0
2184,6,0
2185,6,0
2186,6,0
2187,6,0
2188,6,0
2189,6,0
2190,6,0
2191,6,0
2192,6,0
2193,6,0
2194,6,0
2195,6,0
2196,6,0
2197,6,0
2198,6,0
2199,6,0
2200,6,0
2201,6,0
2202,6,0
2203,6,0
2204,6,0
2205,6,0
2206,6,0
2207,6,0
2208,6,0
2209,6,0
2210,6,0
2211,6,0
2212,6,0
2213,6,0
2214,6,0
2215,6,0
2216,6,0
2217,6,0
2218,6,0
2219,6,0
2220,6,0
2221,6,0
2222,6,0
2223,6,0
2224,6,0
2225,6,0
2226,6,0
2227,6,0
2228,6,0
2229,6,0
2230,6,0
2231,6,0
2232,6,0
2233,6,0
2234,6,0
2235,6,0
2236,6,0
2237,6,0
2238,6,0
2239,6,0
2240,6,0
2241,6,0
2242,6,0
2243,6,0
2244,6,0
2245,6,0
2246,6,0
2247,6,0
2248,6,0
2249,6,0
2250,6,0
2251,6,0
2252,6,0
2253,6,0
2254,6,0
2255,6,0
2256,6,0
2257,6,0
2258,6,0
2259,6,0
2260,6,0
2261,6,0
2262,6,0
2263,6,0
2264,6,0
2265,6,0
2266,6,0
2267,6,0
2268,6,0
2269,6,0
2270,6,0
2271,6,0
2272,6,0
2273,6,0
2274,6,0
2275,6,0
2276,6,0
2277,6,0
2278,6,0
2279,6,0
2280,6,0
2281,6,0
2282,6,0
2283,6,0
2284,6,0
2285,6,0
2286,6,0
2287,6,0
2288,6,0
2289,6,0
2290,6,0
2291,6,0
2292,6,0
2293,6,0
2294,6,0
2295,6,0
2296,6,0
2297,6,0
2298,6,0
2299,6,0
2300,6,0
2301,6,0
2302,6,0
2303,6,0
2304,6,0
2305,6,0
2306,6,0
2307,6,0
2308,6,0
2309,6,0
2310,6,0
2311,6,0
2312,6,0
2313,6,0
2314,6,0
2315,6,0
2316,6,0
2317,6,0
2318,6,0
2319,6,0
2320,6,0
2321,6,0
2322,6,0
2323,6,0
2324,6,0
2325,6,0
2326,6,0
2327,6,0
2328,6,0
2329,6,0
2330,6,0
2331,6,0
2332,6,0
2333,6,0
2334,6,0
2335,6,0
2336,6,0
2337,6,0
2338,6,0
2339,6,0
2340,6,0
2341,6,0
2342,6,0
2343,6,0
2344,6,0
2345,6,0
2346,6,0
2347,6,0
2348,6,0
2349,6,0
2350,6,0
2351,6,0
2352,6,0
2353,6,0
2354,6,0
2355,6,0
2356,6,0
2357,6,0
2358,6,0
2359,6,0
2360,6,0
2361,6,0
2362,5,1
2363,5,1
2364,5,1
2365,5,1
2366,5,1
2367,5,1
2368,5,1
2369,5,1
2370,5,1
2371,5,1
2372,5,1
2373,5,1
2374,5,1
2375,5,1
2376,5,1
2377,5,1
2378,5,1
2379,5,1
2380,5,1
2381,5,1
2382,5,1
2383,5,1
2384,5,1
2385,5,1
2386,5,1
2387,5,1
2388,5,1
2389,5,1
2390,5,1
2391,5,1
2392,5,1
2393,5,1
2394,5,1
2395,5,1
2396,5,1
2397,5,1
2398,5,1
2399,5,1
2400,5,1
2401,5,1
2402,5,1
2403,5,1
2404,5,1
2405,5,1
2406,5,1
2407,5,1
2408,5,1
2409,5,1
2410,5,1
2411,5,1
2412,5,1
2413,5,1
2414,5,1
2415,5,1
2416,5,1
2417,5,1
2418,5,1
2419,5,1
2420,5,1
2421,5,1
2422,5,1
2423,5,1
2424,5,1
2425,5,1
2426,5,1
2427,5,1
2428,5,1
2429,5,1
2430,5,1
2431,5,1
2432,5,1
2433,5,1
2434,5,1
2435,5,1
2436,5,1
2437,5,1
2438,5,1
2439,5,1
2440,5,1
2441,5,1
2442,5,1
2443,5,1
2444,5,1
2445,5,1
2446,5,1
2447,5,1
2448,5,1
2449,5,1
2450,5,1
2451,5,1
2452,5,1
2453,6,0
2454,6,0
2455,6,0
2456,6,0
2457,6,0
2458,6,0
2459,6,0
2460,6,0
2461,6,0
2462,6,0
2463,6,0
2464,6,0
2465,6,0
2466,6,0
2467,6,0
2468,6,0
2469,6,0
2470,6,0
2471,6,0
2472,6,0
2473,6,0
2474,6,0
2475,6,0
2476,6,0
2477,6,0
2478,6,0
2479,6,0
2480,6,0
2481,6,0
2482,6,0
2483,6,0
2484,6,0
2485,6,0
2486,6,0
2487,6,0
2488,6,0
2489,6,0
2490,6,0
2491,6,0
2492,6,0
2493,6,0
2494,6,0
2495,6,0
2496,6,0
2497,6,0
2498,6,0
2499,6,0
2500,6,0
2501,6,0
2502,6,0
2503,6,0
2504,6,0
2505,6,0
2506,6,0
2507,6,0
2508,6,0
2509,6,0
2510,6,0
2511,6,0
2512,6,0
2513,6,0
2514,6,0
2515,6,0
2516,6,0
2517,6,0
2518,6,0
2519,6,0
2520,6,0
2521,6,0
2522,6,0
2523,6,0
2524,6,0
2525,6,0
2526,6,0
2527,6,0
2528,6,0
2529,6,0
2530,6,0
2531,6,0
2532,6,0
2533,6,0
2534,6,0
2535,6,0
2536,6,0
2537,6,0
2538,6,0
2539,6,0
2540,6,0
2541,6,0
2542,6,0
2543,6,0
2544,6,0
2545,6,0
2546,6,0
2547,6,0
2548,6,0
2549,6,0
2550,6,0
2551,6,0
2552,6,0
2553,6,0
2554,6,0
2555,6,0
2556,6,0
2557,6,0
2558,6,0
2559,6,0
2560,6,0
2561,6,0
2562,6,0
2563,6,0
2564,6,0
2565,5,1
2566,5,1
2567,5,1
2568,5,1
2569,5,1
2570,5,1
2571,5,1
2572,5,1
2573,5,1
2574,5,1
2575,5,1
2576,5,1
2577,5,1
2578,5,1
2579,5,1
2580,5,1
2581,5,1
2582,5,1
2583,5,1
2584,5,1
2585,5,1
2586,5,1
2587,5,1
2588,5,1
2589,5,1
2590,5,1
2591,5,1
2592,5,1
2593,5,1
2594,5,1
2595,5,1
2596,5,1
2597,5,1
2598,5,1
2599,5,1
2600,5,1
2601,5,1
2602,5,1
2603,5,1
2604,5,1
2605,5,1
2606,5,1
2607,5,1
2608,5,1
2609,5,1
2610,5,1
2611,5,1
2612,5,1
2613,5,1
2614,5,1
2615,5,1
2616,5,1
2617,5,1
2618,5,1
2619,5,1
2620,5,1
2621,5,1
2622,5,1
2623,5,1
2624,5,1
2625,5,1
2626,5,1
2627,5,1
2628,5,1
2629,6,0
2630,6,0
2631,6,0
2632,6,0
2633,6,0
2634,6,0
2635,6,0
2636,6,0
2637,6,0
2638,6,0
2639,6,0
2640,6,0
2641,6,0
2642,6,0
2643,5,1
2644,5,1
2645,5,1
2646,5,1
2647,5,1
2648,5,1
2649,5,1
2650,5,1
2651,5,1
2652,5,1
2653,5,1
2654,5,1
2655,5,1
2656,5,1
2657,6,0
2658,6,0
2659,6,0
2660,6,0
2661,6,0
2662,6,0
2663,6,0
2664,6,0
2665,6,0
2666,6,0
2667,6,0
2668,6,0
2669,6,0
2670,6,0
2671,5,1
2672,5,1
2673,5,1
2674,5,1
2675,5,1
2676,5,1
2677,5,1
2678,5,1
2679,5,1
2680,5,1
2681,5,1
2682,5,1
2683,5,1
2684,5,1
2685,6,0
2686,6,0
2687,6,0
2688,6,0
2689,6,0
2690,6,0
2691,6,0
2692,6,0
2693,6,0
2694,6,0
2695,6,0
2696,6,0
2697,6,0
2698,6,0
2699,5,1
2700,5,1
2701,5,1
2702,5,1
2703,5,1
2704,5,1
2705,5,1
2706,5,1
2707,5,1
2708,5,1
2709,5,1
2710,5,1
2711,5,1
2712,5,1
2713,6,0
2714,6,0
2715,6,0
2716,6,0
2717,6,0
2718,6,0
2719,6,0
2720,6,0
2721,6,0
2722,6,0
2723,6,0
2724,6,0
2725,6,0
2726,6,0
2727,6,0
2728,6,0
2729,6,0
2730,6,0
2731,6,0
2732,6,0
2733,6,0
2734,6,0
2735,6,0
2736,6,0
2737,6,0
2738,6,0
2739,6,0
2740,6,0
2741,6,0
2742,6,0
2743,6,0
2744,6,0
2745,6,0
2746,6,0
2747,6,0
2748,6,0
2749,6,0
2750,6,0
2751,6,0
2752,6,0
2753,6,0
2754,6,0
2755,6,0
2756,6,0
2757,6,0
2758,6,0
2759,6,0
2760,6,0
2761,6,0
2762,6,0
2763,6,0
2764,6,0
2765,6,0
2766,6,0
2767,6,0
2768,6,0
2769,6,0
2770,6,0
2771,6,0
2772,6,0
2773,6,0
2774,6,0
2775,6,0
2776,6,0
2777,6,0
2778,6,0
2779,6,0
2780,6,0
2781,6,0
2782,6,0
2783,6,0
2784,6,0
2785,6,0
2786,6,0
2787,6,0
2788,6,0
2789,6,0
2790,6,0
2791,6,0
2792,6,0
2793,6,0
2794,6,0
2795,6,0
2796,6,0
2797,6,0
2798,6,0
2799,6,0
2800,6,0
2801,6,0
2802,6,0
2803,6,0
2804,6,0
2805,6,0
2806,6,0
2807,6,0
2808,6,0
2809,6,0
2810,6,0
2811,6,0
2812,6,0
2813,6,0
2814,6,0
2815,6,0
2816,6,0
2817,6,0
2818,6,0
2819,6,0
2820,6,0
2821,6,0
2822,6,0
2823,6,0
2824,6,0
2825,6,0
2826,6,0
2827,6,0
2828,6,0
2829,6,0
2830,6,0
2831,6,0
2832,6,0
2833,6,0
2834,6,0
2835,6,0
2836,6,0
2837,6,0
2838,6,0
2839,6,0
2840,6,0
2841,6,0
2842,6,0
2843,6,0
2844,6,0
2845,6,0
2846,6,0
2847,6,0
2848,6,0
2849,6,0
2850,6,0
2851,6,0
2852,6,0
2853,6,0
2854,6,0
2855,6,0
2856,6,0
2857,6,0
2858,6,0
2859,6,0
2860,6,0
2861,6,0
2862,6,0
2863,6,0
2864,6,0
2865,6,0
2866,6,0
2867,6,0
2868,6,0
2869,6,0
2870,6,0
2871,6,0
2872,6,0
2873,6,0
2874,6,0
2875,6,0
2876,6,0
2877,6,0
2878,6,0
2879,6,0
2880,6,0
2881,6,0
2882,6,0
2883,6,0
2884,6,0
2885,6,0
2886,6,0
2887,6,0
2888,6,0
2889,6,0
2890,6,0
2891,6,0
2892,6,0
2893,6,0
2894,6,0
2895,6,0
2896,6,0
2897,6,0
2898,6,0
2899,6,0
2900,6,0
2901,6,0
2902,6,0
2903,6,0
2904,6,0
2905,6,0
2906,6,0
2907,6,0
2908,6,0
2909,6,0
2910,6,0
2911,6,0
2912,6,0
2913,6,0
2914,6,0
2915,6,0
2916,6,0
2917,6,0
2918,6,0
2919,6,0
2920,6,0
2921,6,0
2922,6,0
2923,6,0
2924,6,0
2925,6,0
2926,6,0
2927,6,0
2928,6,0
2929,6,0
2930,6,0
2931,6,0
2932,6,0
2933,6,0
2934,6,0
2935,6,0
2936,6,0
2937,6,0
2938,6,0
2939,6,0
2940,6,0
2941,6,0
2942,6,0
2943,6,0
2944,6,0
2945,6,0
2946,6,0
2947,6,0
2948,6,0
2949,6,0
2950,6,0
2951,6,0
2952,6,0
2953,6,0
2954,6,0
2955,6,0
2956,6,0
2957,6,0
2958,6,0
2959,6,0
2960,6,0
2961,6,0
2962,6,0
2963,5,1
2964,5,1
2965,5,1
2966,5,1
2967,5,1
2968,5,1
2969,5,1
2970,5,1
2971,5,1
2972,5,1
2973,5,1
2974,5,1
2975,5,1
2976,5,1
2977,5,1
2978,5,1
2979,5,1
2980,5,1
2981,5,1
2982,5,1
2983,5,1
2984,5,1
2985,5,1
2986,5,1
2987,5,1
2988,5,1
2989,5,1
2990,5,1
2991,5,1
2992,5,1
2993,5,1
2994,5,1
2995,5,1
2996,5,1
2997,5,1
2998,5,1
2999,5,1
3000,5,1
3001,5,1
3002,5,1
3003,5,1
3004,5,1
3005,5,1
3006,5,1
3007,5,1
3008,5,1
3009,5,1
3010,5,1
3011,5,1
3012,5,1
3013,5,1
3014,5,1
3015,5,1
3016,5,1
3017,5,1
3018,5,1
3019,5,1
3020,5,1
3021,5,1
3022,5,1
3023,5,1
3024,5,1
3025,5,1
3026,5,1
3027,5,1
3028,5,1
3029,5,1
3030,5,1
3031,5,1
3032,5,1
3033,5,1
3034,5,1
3035,5,1
3036,5,1
3037,5,1
3038,5,1
3039,5,1
3040,5,1
3041,5,1
3042,5,1
3043,5,1
3044,5,1
3045,5,1
3046,5,1
3047,5,1
3048,5,1
3049,5,1
3050,5,1
3051,5,1
3052,5,1
3053,5,1
3054,6,0
3055,6,0
3056,6,0
3057,6,0
3058,6,0
3059,6,0
3060,6,0
3061,6,0
3062,6,0
3063,6,0
3064,6,0
3065,6,0
3066,6,0
3067,6,0
3068,6,0
3069,6,0
3070,6,0
3071,6,0
3072,6,0
3073,6,0
3074,6,0
3075,6,0
3076,6,0
3077,6,0
3078,6,0
3079,6,0
3080,6,0
3081,6,0
3082,6,0
3083,6,0
3084,6,0
3085,6,0
3086,6,0
3087,6,0
3088,6,0
3089,6,0
3090,6,0
3091,6,0
3092,6,0
3093,6,0
3094,6,0
3095,6,0
3096,6,0
3097,6,0
3098,6,0
3099,6,0
3100,6,0
3101,6,0
3102,6,0
3103,6,0
3104,6,0
3105,6,0
3106,6,0
3107,6,0
3108,6,0
3109,6,0
3110,6,0
3111,6,0
3112,6,0
3113,6,0
3114,6,0
3115,6,0
3116,6,0
3117,6,0
3118,6,0
3119,6,0
3120,6,0
3121,6,0
3122,6,0
3123,6,0
3124,6,0
3125,6,0
3126,6,0
3127,6,0
3128,6,0
3129,6,0
3130,6,0
3131,6,0
3132,6,0
3133,6,0
3134,6,0
3135,6,0
3136,6,0
3137,6,0
3138,6,0
3139,6,0
3140,6,0
3141,6,0
3142,6,0
3143,6,0
3144,6,0
3145,6,0
3146,6,0
3147,6,0
3148,6,0
3149,6,0
3150,6,0
3151,6,0
3152,6,0
3153,6,0
3154,6,0
3155,6,0
3156,6,0
3157,6,0
3158,6,0
3159,6,0
3160,6,0
3161,6,0
3162,6,0
3163,6,0
3164,6,0
3165,6,0
3166,5,1
3167,5,1
3168,5,1
3169,5,1
3170,5,1
3171,5,1
3172,5,1
3173,5,1
3174,5,1
3175,5,1
3176,5,1
3177,5,1
3178,5,1
3179,5,1
3180,5,1
3181,5,1
3182,5,1
3183,5,1
3184,5,1
3185,5,1
3186,5,1
3187,5,1
3188,5,1
3189,5,1
3190,5,1
3191,5,1
3192,5,1
3193,5,1
3194,5,1
3195,5,1
3196,5,1
3197,5,1
3198,5,1
3199,5,1
3200,5,1
3201,5,1
3202,5,1
3203,5,1
3204,5,1
3205,5,1
3206,5,1
3207,5,1
3208,5,1
3209,5,1
3210,5,1
3211,5,1
3212,5,1
3213,5,1
3214,5,1
3215,5,1
3216,5,1
3217,5,1
3218,5,1
3219,5,1
3220,5,1
3221,5,1
3222,5,1
3223,5,1
3224,5,1
3225,5,1
3226,5,1
3227,5,1
3228,5,1
3229,5,1
3230,5,1
3231,5,1
3232,5,1
3233,5,1
3234,5,1
3235,5,1
3236,5,1
3237,5,1
3238,5,1
3239,5,1
3240,5,1
3241,5,1
3242,5,1
3243,5,1
3244,5,1
3245,5,1
3246,5,1
3247,5,1
3248,5,1
3249,5,1
3250,5,1
3251,5,1
3252,5,1
3253,5,1
3254,5,1
3255,5,1
3256,5,1
3257,5,1
3258,5,1
3259,5,1
3260,5,1
3261,5,1
3262,5,1
3263,5,1
3264,5,1
3265,5,1
3266,5,1
3267,5,1
3268,5,1
3269,5,1
3270,5,1
3271,5,1
3272,5,1
3273,5,1
3274,5,1
3275,5,1
3276,5,1
3277,5,1
3278,5,1
3279,5,1
3280,5,1
3281,5,1
3282,5,1
3283,5,1
3284,5,1
3285,5,1
3286,5,1
3287,5,1
3288,5,1
3289,5,1
3290,5,1
3291,5,1
3292,5,1
3293,5,1
3294,5,1
3295,5,1
3296,5,1
3297,5,1
3298,5,1
3299,5,1
3300,5,1
3301,5,1
3302,5,1
3303,5,1
3304,5,1
3305,5,1
3306,5,1
3307,5,1
3308,5,1
3309,5,1
3310,5,1
3311,5,1
3312,5,1
3313,5,1
3314,5,1
3315,5,1
3316,5,1
3317,5,1
3318,5,1
3319,5,1
3320,5,1
3321,5,1
3322,5,1
3323,5,1
3324,5,1
3325,5,1
3326,5,1
3327,5,1
3328,5,1
3329,5,1
3330,5,1
3331,5,1
3332,5,1
3333,5,1
3334,5,1
3335,5,1
3336,5,1
3337,5,1
3338,5,1
3339,5,1
3340,5,1
3341,5,1
3342,5,1
3343,5,1
3344,5,1
3345,5,1
3346,5,1
3347,5,1
3348,5,1
3349,5,1
3350,5,1
3351,5,1
3352,5,1
3353,5,1
3354,5,1
3355,5,1
3356,5,1
3357,5,1
3358,5,1
3359,5,1
3360,5,1
3361,5,1
3362,5,1
3363,5,1
3364,5,1
3365,5,1
3366,5,1
3367,5,1
3368,5,1
3369,5,1
3370,5,1
3371,5,1
3372,5,1
3373,5,1
3374,5,1
3375,5,1
3376,5,1
3377,5,1
3378,5,1
3379,5,1
3380,5,1
3381,5,1
3382,5,1
3383,5,1
3384,5,1
3385,5,1
3386,5,1
3387,5,1
3388,5,1
3389,5,1
3390,5,1
3391,5,1
3392,5,1
3393,5,1
3394,5,1
3395,5,1
3396,5,1
3397,5,1
3398,5,1
3399,5,1
3400,5,1
3401,5,1
3402,5,1
3403,5,1
3404,5,1
3405,5,1
3406,5,1
3407,5,1
3408,5,1
3409,5,1
3410,5,1
3411,5,1
3412,5,1
3413,5,1
3414,5,1
3415,5,1
3416,5,1
3417,5,1
3418,5,1
3419,5,1
3420,5,1
3421,5,1
3422,5,1
3423,5,1
3424,5,1
3425,5,1
3426,5,1
3427,5,1
3428,5,1
3429,5,1
3430,5,1
3431,5,1
3432,5,1
3433,5,1
3434,5,1
3435,5,1
3436,5,1
3437,5,1
3438,5,1
3439,5,1
3440,5,1
3441,5,1
3442,5,1
3443,5,1
3444,5,1
3445,5,1
3446,5,1
3447,5,1
3448,5,1
3449,5,1
3450,5,1
3451,5,1
3452,5,1
3453,5,1
3454,5,1
3455,5,1
3456,5,1
3457,5,1
3458,5,1
3459,5,1
3460,5,1
3461,5,1
3462,5,1
3463,5,1
3464,5,1
3465,5,1
3466,5,1
3467,5,1
3468,5,1
3469,5,1
3470,5,1
3471,5,1
3472,5,1
3473,5,1
3474,5,1
3475,5,1
3476,5,1
3477,5,1
3478,5,1
3479,5,1
3480,5,1
3481,5,1
3482,5,1
3483,5,1
3484,5,1
3485,5,1
3486,5,1
3487,5,1
3488,5,1
3489,5,1
3490,5,1
3491,5,1
3492,5,1
3493,5,1
3494,5,1
3495,5,1
3496,5,1
3497,5,1
3498,5,1
3499,5,1
3500,5,1
3501,5,1
3502,5,1
3503,5,1
3504,5,1
3505,5,1
3506,5,1
3507,5,1
3508,5,1
3509,5,1
3510,5,1
3511,5,1
3512,5,1
3513,5,1
3514,5,1
3515,5,1
3516,5,1
3517,5,1
3518,5,1
3519,5,1
3520,5,1
3521,5,1
3522,5,1
3523,5,1
3524,5,1
3525,5,1
3526,5,1
3527,5,1
3528,5,1
3529,5,1
3530,5,1
3531,5,1
3532,5,1
3533,5,1
3534,5,1
3535,5,1
3536,5,1
3537,5,1
3538,5,1
3539,5,1
3540,5,1
3541,5,1
3542,5,1
3543,5,1
3544,5,1
3545,5,1
3546,5,1
3547,5,1
3548,5,1
3549,5,1
3550,5,1
3551,5,1
3552,5,1
3553,5,1
3554,5,1
3555,5,1
3556,5,1
3557,5,1
3558,5,1
3559,5,1
3560,5,1
3561,5,1
3562,5,1
3563,5,1
3564,5,1
3565,5,1
3566,5,1
3567,5,1
3568,5,1
3569,5,1
3570,5,1
3571,5,1
3572,5,1
3573,5,1
3574,5,1
3575,5,1
3576,5,1
3577,5,1
3578,5,1
3579,5,1
3580,5,1
3581,5,1
3582,5,1
3583,5,1
3584,5,1
3585,5,1
3586,5,1
3587,5,1
3588,5,1
3589,5,1
3590,5,1
3591,5,1
3592,5,1
3593,5,1
3594,5,1
3595,5,1
3596,5,1
3597,5,1
3598,5,1
3599,5,1
3600,5,1
3601,5,1
3602,5,1
3603,5,1
3604,5,1
3605,5,1
3606,5,1
3607,5,1
3608,5,1
3609,5,1
3610,5,1
3611,5,1
3612,5,1
3613,5,1
3614,5,1
3615,5,1
3616,5,1
3617,5,1
3618,5,1
3619,5,1
3620,5,1
3621,5,1
3622,5,1
3623,5,1
3624,5,1
3625,5,1
3626,5,1
3627,5,1
3628,5,1
3629,5,1
3630,5,1
3631,5,1
3632,5,1
3633,5,1
3634,5,1
3635,5,1
3636,5,1
3637,5,1
3638,5,1
3639,5,1
3640,5,1
3641,5,1
3642,5,1
3643,5,1
3644,5,1
3645,5,1
3646,5,1
3647,5,1
3648,5,1
3649,5,1
3650,5,1
3651,5,1
3652,5,1
3653,5,1
3654,5,1
3655,5,1
3656,5,1
3657,5,1
3658,5,1
3659,5,1
3660,5,1
3661,5,1
3662,5,1
3663,5,1
3664,5,1
3665,5,1
3666,5,1
3667,5,1
3668,5,1
3669,5,1
3670,5,1
3671,5,1
3672,5,1
3673,5,1
3674,5,1
3675,5,1
3676,5,1
3677,5,1
3678,5,1
3679,5,1
3680,5,1
3681,5,1
3682,5,1
3683,5,1
3684,5,1
3685,5,1
3686,5,1
3687,5,1
3688,5,1
3689,5,1
3690,5,1
3691,5,1
3692,5,1
3693,5,1
3694,5,1
3695,5,1
3696,5,1
3697,5,1
3698,5,1
3699,5,1
3700,5,1
3701,5,1
3702,5,1
3703,5,1
3704,5,1
3705,5,1
3706,5,1
3707,5,1
3708,5,1
3709,5,1
3710,5,1
3711,5,1
3712,5,1
3713,5,1
3714,5,1
3715,5,1
3716,5,1
3717,5,1
3718,5,1
3719,5,1
3720,5,1
3721,5,1
3722,5,1
3723,5,1
3724,5,1
3725,5,1
3726,5,1
3727,5,1
3728,5,1
3729,5,1
3730,5,1
3731,5,1
3732,5,1
3733,5,1
3734,5,1
3735,5,1
3736,5,1
3737,5,1
3738,5,1
3739,5,1
3740,5,1
3741,5,1
3742,5,1
3743,5,1
3744,5,1
3745,5,1
3746,5,1
3747,5,1
3748,5,1
3749,5,1
3750,5,1
3751,5,1
3752,5,1
3753,5,1
3754,5,1
3755,5,1
3756,5,1
3757,5,1
3758,5,1
3759,5,1
3760,5,1
3761,5,1
3762,5,1
3763,5,1
3764,5,1
3765,5,1
3766,5,1
3767,5,1
3768,5,1
3769,5,1
3770,5,1
3771,5,1
3772,5,1
3773,5,1
3774,5,1
3775,5,1
3776,5,1
3777,5,1
3778,5,1
3779,5,1
3780,5,1
3781,5,1
3782,5,1
3783,5,1
3784,5,1
3785,5,1
3786,5,1
3787,5,1
3788,5,1
3789,5,1
3790,5,1
3791,5,1
3792,5,1
3793,5,1
3794,5,1
3795,5,1
3796,5,1
3797,5,1
3798,5,1
3799,5,1
3800,5,1
3801,5,1
3802,5,1
3803,5,1
3804,5,1
3805,5,1
3806,5,1
3807,5,1
3808,5,1
3809,5,1
3810,5,1
3811,5,1
3812,5,1
3813,5,1
3814,5,1
3815,5,1
3816,5,1
3817,5,1
3818,5,1
3819,5,1
3820,5,1
3821,5,1
3822,5,1
3823,5,1
3824,5,1
3825,5,1
3826,5,1
3827,5,1
3828,5,1
3829,5,1
3830,5,1
3831,5,1
3832,5,1
3833,5,1
3834,5,1
3835,5,1
3836,5,1
3837,5,1
3838,5,1
3839,5,1
3840,5,1
3841,5,1
3842,5,1
3843,5,1
3844,5,1
3845,5,1
3846,5,1
3847,5,1
3848,5,1
3849,5,1
3850,5,1
3851,5,1
3852,5,1
3853,5,1
3854,5,1
3855,5,1
3856,5,1
3857,5,1
3858,5,1
3859,5,1
3860,5,1
3861,5,1
3862,5,1
3863,5,1
3864,5,1
3865,5,1
3866,5,1
3867,5,1
3868,5,1
3869,5,1
3870,5,1
3871,5,1
3872,5,1
3873,5,1
3874,5,1
3875,5,1
3876,5,1
3877,5,1
3878,5,1
3879,5,1
3880,5,1
3881,5,1
3882,5,1
3883,5,1
3884,5,1
3885,5,1
3886,5,1
3887,5,1
3888,5,1
3889,5,1
3890,5,1
3891,5,1
3892,5,1
3893,5,1
3894,5,1
3895,5,1
3896,5,1
3897,5,1
3898,5,1
3899,5,1
3900,5,1
3901,5,1
3902,5,1
3903,5,1
3904,5,1
3905,5,1
3906,5,1
3907,5,1
3908,5,1
3909,5,1
3910,5,1
3911,5,1
3912,5,1
3913,5,1
3914,5,1
3915,5,1
3916,5,1
3917,5,1
3918,5,1
3919,5,1
3920,5,1
3921,5,1
3922,5,1
3923,5,1
3924,5,1
3925,5,1
3926,5,1
3927,5,1
3928,5,1
3929,5,1
3930,5,1
3931,5,1
3932,5,1
3933,5,1
3934,5,1
3935,5,1
3936,5,1
3937,5,1
3938,5,1
3939,5,1
3940,5,1
3941,5,1
3942,5,1
3943,5,1
3944,5,1
3945,5,1
3946,5,1
3947,5,1
3948,5,1
3949,5,1
3950,5,1
3951,5,1
3952,5,1
3953,5,1
3954,5,1
3955,5,1
3956,5,1
3957,5,1
3958,5,1
3959,5,1
3960,5,1
3961,5,1
3962,5,1
3963,5,1
3964,5,1
3965,5,1
3966,5,1
3967,5,1
3968,5,1
3969,5,1
3970,5,1
3971,5,1
3972,5,1
3973,5,1
3974,5,1
3975,5,1
3976,5,1
3977,5,1
3978,5,1
3979,5,1
3980,5,1
3981,5,1
3982,5,1
3983,5,1
3984,5,1
3985,5,1
3986,5,1
3987,5,1
3988,5,1
3989,5,1
3990,5,1
3991,5,1
3992,5,1
3993,5,1
3994,5,1
3995,5,1
3996,5,1
3997,5,1
3998,5,1
3999,5,1
4000,5,1
4001,5,1
4002,5,1
4003,5,1
4004,5,1
4005,5,1
4006,5,1
4007,5,1
4008,5,1
4009,5,1
4010,5,1
4011,5,1
4012,5,1
4013,5,1
4014,5,1
4015,5,1
4016,5,1
4017,5,1
4018,5,1
4019,5,1
4020,5,1
4021,5,1
4022,5,1
4023,5,1
4024,5,1
4025,5,1
4026,5,1
4027,5,1
4028,5,1
4029,5,1
4030,5,1
4031,5,1
4032,5,1
4033,5,1
4034,5,1
4035,5,1
4036,5,1
4037,5,1
4038,5,1
4039,5,1
4040,5,1
4041,5,1
4042,5,1
4043,5,1
4044,5,1
4045,5,1
4046,5,1
4047,5,1
4048,5,1
4049,5,1
4050,5,1
4051,5,1
4052,5,1
4053,5,1
4054,5,1
4055,5,1
4056,5,1
4057,5,1
4058,5,1
4059,5,1
4060,5,1
4061,5,1
4062,5,1
4063,5,1
4064,5,1
4065,5,1
4066,5,1
4067,5,1
4068,5,1
4069,5,1
4070,5,1
4071,5,1
4072,5,1
4073,5,1
4074,5,1
4075,5,1
4076,5,1
4077,5,1
4078,5,1
4079,5,1
4080,5,1
4081,5,1
4082,5,1
4083,5,1
4084,5,1
4085,5,1
4086,5,1
4087,5,1
4088,5,1
4089,5,1
4090,5,1
4091,5,1
4092,5,1
4093,5,1
4094,5,1
4095,5,1
4096,5,1
4097,5,1
4098,5,1
4099,5,1
4100,5,1
4101,5,1
4102,5,1
4103,5,1
4104,5,1
4105,5,1
4106,5,1
4107,5,1
4108,5,1
4109,5,1
4110,5,1
4111,5,1
4112,5,1
4113,5,1
4114,5,1
4115,5,1
4116,5,1
4117,5,1
4118,5,1
4119,5,1
4120,5,1
4121,5,1
4122,5,1
4123,5,1
4124,5,1
4125,5,1
4126,5,1
4127,5,1
4128,5,1
4129,5,1
4130,5,1
4131,5,1
4132,5,1
4133,5,1
4134,5,1
4135,5,1
4136,5,1
4137,5,1
4138,5,1
4139,5,1
4140,5,1
4141,5,1
4142,5,1
4143,5,1
4144,5,1
4145,5,1
4146,5,1
4147,5,1
4148,5,1
4149,5,1
4150,5,1
4151,5,1
4152,5,1
4153,5,1
4154,5,1
4155,5,1
4156,5,1
4157,5,1
4158,5,1
4159,5,1
4160,5,1
4161,5,1
4162,5,1
4163,5,1
4164,5,1
4165,5,1
4166,5,1
4167,5,1
4168,5,1
4169,5,1
4170,5,1
4171,5,1
4172,5,1
4173,5,1
4174,5,1
4175,5,1
4176,5,1
4177,5,1
4178,5,1
4179,5,1
4180,5,1
4181,5,1
4182,5,1
4183,5,1
4184,5,1
4185,5,1
4186,5,1
4187,5,1
4188,5,1
4189,5,1
4190,5,1
4191,5,1
4192,5,1
4193,5,1
4194,5,1
4195,5,1
4196,5,1
4197,5,1
4198,5,1
4199,5,1
4200,5,1
4201,5,1
4202,5,1
4203,5,1
4204,5,1
4205,5,1
4206,5,1
4207,5,1
4208,5,1
4209,5,1
4210,5,1
4211,5,1
4212,5,1
4213,5,1
4214,5,1
4215,5,1
4216,5,1
4217,5,1
4218,5,1
4219,5,1
4220,5,1
4221,5,1
4222,5,1
4223,5,1
4224,5,1
4225,5,1
4226,5,1
4227,5,1
4228,5,1
4229,5,1
4230,5,1
4231,5,1
4232,5,1
4233,5,1
4234,5,1
4235,5,1
4236,5,1
4237,5,1
4238,5,1
4239,5,1
4240,5,1
4241,5,1
4242,5,1
4243,5,1
4244,5,1
4245,5,1
4246,5,1
4247,5,1
4248,5,1
4249,5,1
4250,5,1
4251,5,1
4252,5,1
4253,5,1
4254,5,1
4255,5,1
4256,5,1
4257,5,1
4258,5,1
4259,5,1
4260,5,1
4261,5,1
4262,5,1
4263,5,1
4264,5,1
4265,5,1
4266,5,1
4267,5,1
4268,5,1
4269,5,1
4270,5,1
4271,5,1
4272,5,1
4273,5,1
4274,5,1
4275,5,1
4276,5,1
4277,5,1
4278,5,1
4279,5,1
4280,5,1
4281,5,1
4282,5,1
4283,5,1
4284,5,1
4285,5,1
4286,5,1
4287,5,1
4288,5,1
4289,5,1
4290,5,1
4291,5,1
4292,5,1
4293,5,1
4294,5,1
4295,5,1
4296,5,1
4297,5,1
4298,5,1
4299,5,1
4300,5,1
4301,5,1
4302,5,1
4303,5,1
4304,5,1
4305,5,1
4306,5,1
4307,5,1
4308,5,1
4309,5,1
4310,5,1
4311,5,1
4312,5,1
4313,5,1
4314,5,1
4315,5,1
4316,5,1
4317,5,1
4318,5,1
4319,5,1
4320,5,1
4321,5,1
4322,5,1
4323,5,1
4324,5,1
4325,5,1
4326,5,1
4327,5,1
4328,5,1
4329,5,1
4330,5,1
4331,5,1
4332,5,1
4333,5,1
4334,5,1
4335,5,1
4336,5,1
4337,5,1
4338,5,1
4339,5,1
4340,5,1
4341,5,1
4342,5,1
4343,5,1
4344,5,1
4345,5,1
4346,5,1
4347,5,1
4348,5,1
4349,5,1
4350,5,1
4351,5,1
4352,5,1
4353,5,1
4354,5,1
4355,5,1
4356,5,1
4357,5,1
4358,5,1
4359,5,1
4360,5,1
4361,5,1
4362,5,1
4363,5,1
4364,5,1
4365,5,1
4366,5,1
4367,5,1
4368,5,1
4369,5,1
4370,5,1
4371,5,1
4372,5,1
4373,5,1
4374,5,1
4375,5,1
4376,5,1
4377,5,1
4378,5,1
4379,5,1
4380,5,1
4381,5,1
4382,5,1
4383,5,1
4384,5,1
4385,5,1
4386,5,1
4387,5,1
4388,5,1
4389,5,1
4390,5,1
4391,5,1
4392,5,1
4393,5,1
4394,5,1
4395,5,1
4396,5,1
4397,5,1
4398,5,1
4399,5,1
4400,5,1
4401,5,1
4402,5,1
4403,5,1
4404,5,1
4405,5,1
4406,5,1
4407,5,1
4408,5,1
4409,5,1
4410,5,1
4411,5,1
4412,5,1
4413,5,1
4414,5,1
4415,5,1
4416,5,1
4417,5,1
4418,5,1
4419,5,1
4420,5,1
4421,5,1
4422,5,1
4423,5,1
4424,5,1
4425,5,1
4426,5,1
4427,5,1
4428,5,1
4429,5,1
4430,5,1
4431,5,1
4432,5,1
4433,5,1
4434,5,1
4435,5,1
4436,5,1
4437,5,1
4438,5,1
4439,5,1
4440,5,1
4441,5,1
4442,5,1
4443,5,1
4444,5,1
4445,5,1
4446,5,1
4447,5,1
4448,5,1
4449,5,1
4450,5,1
4451,5,1
4452,5,1
4453,5,1
4454,5,1
4455,5,1
4456,5,1
4457,5,1
4458,5,1
4459,5,1
4460,5,1
4461,5,1
4462,5,1
4463,5,1
4464,5,1
4465,5,1
4466,5,1
4467,5,1
4468,5,1
4469,5,1
4470,5,1
4471,5,1
4472,5,1
4473,5,1
4474,5,1
4475,5,1
4476,5,1
4477,5,1
4478,5,1
4479,5,1
4480,5,1
4481,5,1
4482,5,1
4483,5,1
4484,5,1
4485,5,1
4486,5,1
4487,5,1
4488,5,1
4489,5,1
4490,5,1
4491,5,1
4492,5,1
4493,5,1
4494,5,1
4495,5,1
4496,5,1
4497,5,1
4498,5,1
4499,5,1
4500,5,1
4501,5,1
4502,5,1
4503,5,1
4504,5,1
4505,5,1
4506,5,1
4507,5,1
4508,5,1
4509,5,1
4510,5,1
4511,5,1
4512,5,1
4513,5,1
4514,5,1
4515,5,1
4516,5,1
4517,5,1
4518,5,1
4519,5,1
4520,5,1
4521,5,1
4522,5,1
4523,5,1
4524,5,1
4525,5,1
4526,5,1
4527,5,1
4528,5,1
4529,5,1
4530,5,1
4531,5,1
4532,5,1
4533,5,1
4534,5,1
4535,5,1
4536,5,1
4537,5,1
4538,5,1
4539,5,1
4540,5,1
4541,5,1
4542,5,1
4543,5,1
4544,5,1
4545,5,1
4546,5,1
4547,5,1
4548,5,1
4549,5,1
4550,5,1
4551,5,1
4552,5,1
4553,5,1
4554,5,1
4555,5,1
4556,5,1
4557,5,1
4558,5,1
4559,5,1
4560,5,1
4561,5,1
4562,5,1
4563,5,1
4564,5,1
4565,5,1
4566,5,1
4567,5,1
4568,5,1
4569,5,1
4570,5,1
4571,5,1
4572,5,1
4573,5,1
4574,5,1
4575,5,1
4576,5,1
4577,5,1
4578,5,1
4579,5,1
4580,5,1
4581,5,1
4582,5,1
4583,5,1
4584,5,1
4585,5,1
4586,5,1
4587,5,1
4588,5,1
4589,5,1
4590,5,1
4591,5,1
4592,5,1
4593,5,1
4594,5,1
4595,5,1
4596,5,1
4597,5,1
4598,5,1
4599,5,1
4600,5,1
4601,5,1
4602,5,1
4603,5,1
4604,5,1
4605,5,1
4606,5,1
4607,5,1
4608,5,1
4609,5,1
4610,5,1
4611,5,1
4612,5,1
4613,5,1
4614,5,1
4615,5,1
4616,5,1
4617,5,1
4618,5,1
4619,5,1
4620,5,1
4621,5,1
4622,5,1
4623,5,1
4624,5,1
4625,5,1
4626,5,1
4627,5,1
4628,5,1
4629,5,1
4630,5,1
4631,5,1
4632,5,1
4633,5,1
4634,5,1
4635,5,1
4636,5,1
4637,5,1
4638,5,1
4639,5,1
4640,5,1
4641,5,1
4642,5,1
4643,5,1
4644,5,1
4645,5,1
4646,5,1
4647,5,1
4648,5,1
4649,5,1
4650,5,1
4651,5,1
4652,5,1
4653,5,1
4654,5,1
4655,5,1
4656,5,1
4657,5,1
4658,5,1
4659,5,1
4660,5,1
4661,5,1
4662,5,1
4663,5,1
4664,5,1
4665,5,1
4666,5,1
4667,5,1
4668,5,1
4669,5,1
4670,5,1
4671,5,1
4672,5,1
4673,5,1
4674,5,1
4675,5,1
4676,5,1
4677,5,1
4678,5,1
4679,5,1
4680,5,1
4681,5,1
4682,5,1
4683,5,1
4684,5,1
4685,5,1
4686,5,1
4687,5,1
4688,5,1
4689,5,1
4690,5,1
4691,5,1
4692,5,1
4693,5,1
4694,5,1
4695,5,1
4696,5,1
4697,5,1
4698,5,1
4699,5,1
4700,5,1
4701,5,1
4702,5,1
4703,5,1
4704,5,1
4705,5,1
4706,5,1
4707,5,1
4708,5,1
4709,5,1
4710,5,1
4711,5,1
4712,5,1
4713,5,1
4714,5,1
4715,5,1
4716,5,1
4717,5,1
4718,5,1
4719,5,1
4720,5,1
4721,5,1
4722,5,1
4723,5,1
4724,5,1
4725,5,1
4726,5,1
4727,5,1
4728,5,1
4729,5,1
4730,5,1
4731,5,1
4732,5,1
4733,5,1
4734,5,1
4735,5,1
4736,5,1
4737,5,1
4738,5,1
4739,5,1
4740,5,1
4741,5,1
4742,5,1
4743,5,1
4744,5,1
4745,5,1
4746,5,1
4747,5,1
4748,5,1
4749,5,1
4750,5,1
4751,5,1
4752,5,1
4753,5,1
4754,5,1
4755,5,1
4756,5,1
4757,5,1
4758,5,1
4759,5,1
4760,5,1
4761,5,1
4762,5,1
4763,5,1
4764,5,1
4765,5,1
4766,5,1
4767,5,1
4768,5,1
4769,5,1
4770,5,1
5135,5,1
5136,5,1
5137,5,1
5138,5,1
5139,5,1
5140,5,1
5141,5,1
5142,5,1
5143,5,1
5144,5,1
5145,5,1
5146,5,1
5147,5,1
5148,5,1
5149,5,1
5150,5,1
5151,5,1
5152,5,1
5153,5,1
5154,5,1
5155,5,1
5156,5,1
5157,5,1
5158,5,1
5159,5,1
5160,5,1
5161,5,1
5162,5,1
5163,5,1
5164,5,1
5165,5,1
5166,5,1
5167,5,1
5168,5,1
5169,5,1
5170,5,1
5171,5,1
5172,5,1
5173,5,1
5174,5,1
5175,5,1
5176,5,1
5177,5,1
5178,5,1
5179,5,1
5180,5,1
5181,5,1
5182,5,1
5183,5,1
5184,5,1
5185,5,1
5186,5,1
5187,5,1
5188,5,1
5189,5,1
5190,5,1
5191,5,1
5192,5,1
5193,5,1
5194,5,1
5195,5,1
5196,5,1
5197,5,1
5198,5,1
5199,5,1
5200,5,1
5201,5,1
5202,5,1
5203,5,1
5204,5,1
5205,5,1
5206,5,1
5207,5,1
5208,5,1
5209,5,1
5210,5,1
5211,5,1
5212,5,1
5213,5,1
5214,5,1
5215,5,1
5216,5,1
5217,5,1
5218,5,1
5219,5,1
5220,5,1
5221,5,1
5222,5,1
5223,5,1
5224,5,1
5225,5,1
5226,5,1
5227,5,1
5228,5,1
5229,5,1
5230,5,1
5231,5,1
5232,5,1
5233,5,1
5234,5,1
5235,5,1
5236,5,1
5237,5,1
5238,5,1
5239,5,1
5240,5,1
5241,5,1
5242,5,1
5243,5,1
5244,5,1
5245,5,1
5246,5,1
5247,5,1
5248,5,1
5249,5,1
5250,5,1
5251,5,1
5252,5,1
5253,5,1
5254,5,1
5255,5,1
5256,5,1
5257,5,1
5258,5,1
5259,5,1
5260,5,1
5261,5,1
5262,5,1
5263,5,1
5264,5,1
5265,5,1
5266,5,1
5267,5,1
5268,5,1
5269,5,1
5270,5,1
5271,5,1
5272,5,1
5273,5,1
5274,5,1
5275,5,1
5276,5,1
5277,5,1
5278,5,1
5279,5,1
5280,5,1
5281,5,1
5282,5,1
5283,5,1
5284,5,1
5285,5,1
5286,5,1
5287,5,1
5288,5,1
5289,5,1
5290,5,1
5291,5,1
5292,5,1
5293,5,1
5294,5,1
5295,5,1
5296,5,1
5297,5,1
5298,5,1
5299,5,1
5300,5,1
5301,5,1
5302,5,1
5303,5,1
5304,5,1
5305,5,1
5306,5,1
5307,5,1
5308,5,1
5309,5,1
5310,5,1
5311,5,1
5312,5,1
5313,5,1
5314,5,1
5315,5,1
5316,5,1
5317,5,1
5318,5,1
5319,5,1
5320,5,1
5321,5,1
5322,5,1
5323,5,1
5324,5,1
5325,5,1
5326,5,1
5327,5,1
5328,5,1
5329,5,1
5330,5,1
5331,5,1
5332,5,1
5333,5,1
5334,5,1
5335,5,1
5336,5,1
5337,5,1
5338,5,1
5339,5,1
5340,5,1
5341,5,1
5342,5,1
5343,5,1
5344,5,1
5345,5,1
5346,5,1
5347,5,1
5348,5,1
5349,5,1
5350,5,1
5351,5,1
5352,5,1
5353,5,1
5354,5,1
5355,5,1
5356,5,1
5357,5,1
5358,5,1
5359,5,1
5360,5,1
5361,5,1
5362,5,1
5363,5,1
5364,5,1
5365,5,1
5366,5,1
5367,5,1
5368,5,1
5369,5,1
5370,5,1
5371,5,1
5372,5,1
5373,5,1
5374,5,1
5375,5,1
5376,5,1
5377,5,1
5378,5,1
5379,5,1
5380,5,1
5381,5,1
5382,5,1
5383,5,1
5384,5,1
5385,5,1
5386,5,1
5387,5,1
5388,5,1
5389,5,1
5390,5,1
5391,5,1
5392,5,1
5393,5,1
5394,5,1
5395,5,1
5396,5,1
5397,5,1
5398,5,1
5399,5,1
5400,5,1
5401,5,1
5402,5,1
5403,5,1
5404,5,1
5405,5,1
5406,5,1
5407,5,1
5408,5,1
5409,5,1
5410,5,1
5411,5,1
5412,5,1
5413,5,1
5414,5,1
5415,5,1
5416,5,1
5417,5,1
5418,5,1
5419,5,1
5420,5,1
5421,5,1
5422,5,1
5423,5,1
5424,5,1
5425,5,1
5426,5,1
5427,5,1
5428,5,1
5429,5,1
5430,5,1
5431,5,1
5432,5,1
5433,5,1
5434,5,1
5435,5,1
5436,5,1
5437,5,1
5438,5,1
5439,5,1
5440,5,1
5441,5,1
5442,5,1
5443,5,1
5444,5,1
5445,5,1
5446,5,1
5447,5,1
5448,5,1
5449,5,1
5450,5,1
5451,5,1
5452,5,1
5453,5,1
5454,5,1
5455,5,1
5456,5,1
5457,5,1
5458,5,1
5459,5,1
5460,5,1
5461,5,1
5462,5,1
5463,5,1
5464,5,1
5465,5,1
5466,5,1
5467,5,1
5468,5,1
5469,5,1
5470,5,1
5471,5,1
5472,5,1
5473,5,1
5474,5,1
5475,5,1
5476,5,1
5477,5,1
5478,5,1
5479,5,1
5480,5,1
5481,5,1
5482,5,1
5483,5,1
5484,5,1
5485,5,1
5486,5,1
5487,5,1
5488,5,1
5489,5,1
5490,5,1
5491,5,1
5492,5,1
5493,5,1
5494,5,1
5495,5,1
5496,5,1
5497,5,1
5498,5,1
5499,5,1
5500,5,1
5501,5,1
5502,5,1
5503,5,1
5504,5,1
5505,5,1
5506,5,1
5507,5,1
5508,5,1
5509,5,1
5510,5,1
5511,5,1
5512,5,1
5513,5,1
5514,5,1
5515,5,1
5516,5,1
5517,5,1
5518,5,1
5519,5,1
5520,5,1
5521,5,1
5522,5,1
5523,5,1
5524,5,1
5525,5,1
5526,5,1
5527,5,1
5528,5,1
5529,5,1
5530,5,1
5531,5,1
5532,5,1
5533,5,1
5534,5,1
5535,5,1
5536,5,1
5537,5,1
5538,5,1
5539,5,1
5540,5,1
5541,5,1
5542,5,1
5543,5,1
5544,5,1
5545,5,1
5546,5,1
5547,5,1
5548,5,1
5549,5,1
5550,5,1
5551,5,1
5552,5,1
5553,5,1
5554,5,1
5555,5,1
5556,5,1
5557,5,1
5558,5,1
5559,5,1
5560,5,1
5561,5,1
5562,5,1
5563,5,1
5564,5,1
5565,5,1
5566,5,1
5567,5,1
5568,5,1
5569,5,1
5570,5,1
5571,5,1
5572,5,1
5573,5,1
5574,5,1
5575,5,1
5576,5,1
5577,5,1
5578,5,1
5579,5,1
5580,5,1
5581,5,1
5582,5,1
